aptDong,aptNm,buildYear,buyerGbn,cdealDay,cdealType,dealAmount,dealDay,dealMonth,dealYear,dealingGbn,estateAgentSggNm,excluUseAr,floor,jibun,landLeaseholdGbn,rgstDate,sggCd,slerGbn,umdNm
,안산레이크타운푸르지오,2016,,,,"40,700",30,1,2019,,,59.5637,28,782,N,,41273,,고잔동
,벽산블루밍,2004,,,,"23,850",27,1,2019,,,59.95,21,828-5,N,,41273,,원곡동
,서해그랑블,2004,,,,"34,500",30,1,2019,,,114.785,23,741,N,,41273,,초지동
,경남아너스빌,2005,,,,"24,000",26,1,2019,,,59.99,6,938,N,,41273,,원곡동
,서해그랑블,2004,,,,"26,800",24,1,2019,,,84.962,8,741,N,,41273,,초지동
,벽산블루밍,2004,,,,"29,300",31,1,2019,,,84.99,23,828-5,N,,41273,,원곡동
,군자주공12,1991,,,,"13,500",30,1,2019,,,38.64,6,1078,N,,41273,,선부동
,수정한양,1991,,,,"22,300",25,1,2019,,,73.9118,8,1086,N,,41273,,선부동
,e편한세상선부파크플레이스2차,2018,,,,"36,600",27,1,2019,,,84.98,18,1186,N,,41273,,선부동
,보네르빌리지,2001,,,,"33,100",24,1,2019,,,103.146,8,778,N,,41273,,고잔동
,롯데캐슬더퍼스트,2018,,,,"38,600",26,2,2019,,,84.98,14,801,N,,41273,,초지동
,고잔롯데캐슬골드파크,2018,,,,"44,500",26,2,2019,,,84.96,19,852,N,,41273,,고잔동
,동명벽산블루밍,2010,,,,"28,000",27,2,2019,,,59.98,12,1082,N,,41273,,선부동
,센트럴푸르지오,2018,,,,"52,000",26,2,2019,,,84.9604,9,851,N,,41273,,고잔동
,벽산블루밍,2004,,,,"23,700",20,2,2019,,,59.95,16,828-5,N,,41273,,원곡동
,고잔롯데캐슬골드파크,2018,,,,"33,000",22,2,2019,,,59.98,9,852,N,,41273,,고잔동
,삼익,1998,,,,"20,300",17,2,2019,,,84.96,10,1438,N,,41273,,신길동
,삼익,1998,,,,"20,000",22,2,2019,,,84.96,7,1438,N,,41273,,신길동
,푸르지오1차,2001,,,,"30,000",22,2,2019,,,84.7828,8,781,N,,41273,,고잔동
,군자주공10,1989,,,,"16,700",20,2,2019,,,39.66,4,1069,N,,41273,,선부동
,서해그랑블,2004,,,,"28,600",18,3,2019,,,100.994,8,741,N,,41273,,초지동
,벽산블루밍,2004,,,,"27,000",21,3,2019,,,84.99,17,828-5,N,,41273,,원곡동
,수정한양,1991,,,,"16,800",30,3,2019,,,49.98,1,1086,N,,41273,,선부동
,고잔롯데캐슬골드파크,2018,,,,"28,800",2,3,2019,,,49.74,16,852,N,,41273,,고잔동
,푸르지오1차,2001,,,,"30,500",14,3,2019,,,84.4458,14,781,N,,41273,,고잔동
,고잔롯데캐슬골드파크,2018,,,,"34,500",14,3,2019,,,59.98,15,852,N,,41273,,고잔동
,한화꿈에그린,2006,,,,"27,000",31,3,2019,,,84.9146,4,847,N,,41273,,원곡동
,수정한양,1991,,,,"15,800",7,3,2019,,,49.98,1,1086,N,,41273,,선부동
,벽산블루밍,2004,,,,"26,500",28,3,2019,,,84.99,8,828-5,N,,41273,,원곡동
,안산8차푸르지오,2006,,,,"28,500",30,3,2019,,,84.9897,5,937,N,,41273,,원곡동
,고잔롯데캐슬골드파크,2018,,,,"32,950",4,4,2019,,,59.98,25,852,N,,41273,,고잔동
,한화꿈에그린,2006,,,,"29,000",30,4,2019,,,84.9146,17,847,N,,41273,,원곡동
,벽산블루밍,2004,,,,"25,500",30,4,2019,,,84.99,11,828-5,N,,41273,,원곡동
,벽산블루밍,2004,,,,"25,800",28,4,2019,,,84.99,7,828-5,N,,41273,,원곡동
,동명벽산블루밍,2010,,,,"37,000",20,4,2019,,,84.94,15,1082,N,,41273,,선부동
,휴먼시아4단지,2012,,,,"26,500",9,4,2019,,,74.53,6,1537,N,,41273,,신길동
,공작한양(고층),1992,,,,"22,000",28,4,2019,,,73.9581,4,1085,N,,41273,,선부동
,안산8차푸르지오,2006,,,,"29,000",23,4,2019,,,84.9897,5,937,N,,41273,,원곡동
,군자주공11,1990,,,,"12,100",27,4,2019,,,39.27,1,1078,N,,41273,,선부동
,군자주공12,1991,,,,"10,500",30,4,2019,,,38.64,7,1078,N,,41273,,선부동
,호수마을풍림,2000,,,,"29,500",4,5,2019,,,101.99,10,731,N,,41273,,초지동
,주공그린빌11,2003,,,,"28,300",21,5,2019,,,84.99,8,723,N,,41273,,초지동
,두산위브,2015,,,,"56,000",9,5,2019,,,114.95,10,796,N,,41273,,초지동
,주공그린빌9,2001,,,,"28,700",30,5,2019,,,75.58,1,765,N,,41273,,고잔동
,수정한양,1991,,,,"24,000",31,5,2019,,,103.6118,15,1086,N,,41273,,선부동
,공작한양(고층),1992,,,,"26,000",27,5,2019,,,84.88,8,1085,N,,41273,,선부동
,경남아너스빌,2005,,,,"29,250",30,5,2019,,,84.99,5,938,N,,41273,,원곡동
,경남아너스빌,2005,,,,"25,900",28,5,2019,,,74.86,6,938,N,,41273,,원곡동
,안산메트로타운푸르지오힐스테이트,2018,,,,"32,600",21,5,2019,,,74.4993,21,1177,N,,41273,,선부동
,벽산블루밍,2004,,,,"26,200",20,5,2019,,,84.99,15,828-5,N,,41273,,원곡동
,초지역메이저타운푸르지오파크단지,2019,,,,"34,000",28,6,2019,,,59.863,14,802,N,,41273,,초지동
,초지역메이저타운푸르지오에코단지,2019,,,,"32,100",13,6,2019,,,59.9932,33,1001,N,,41273,,원곡동
,초지역메이저타운푸르지오파크단지,2019,,,,"34,000",28,6,2019,,,59.863,30,802,N,,41273,,초지동
,초지역메이저타운푸르지오파크단지,2019,,,,"42,000",18,6,2019,,,72.7925,23,802,N,,41273,,초지동
,초지역메이저타운푸르지오파크단지,2019,,,,"33,000",28,6,2019,,,59.9761,12,802,N,,41273,,초지동
,초지역메이저타운푸르지오메트로단지,2019,,,,"28,660",19,6,2019,,,59.9333,7,803,N,,41273,,초지동
,초지역메이저타운푸르지오파크단지,2019,,,,"39,500",28,6,2019,,,72.7925,11,802,N,,41273,,초지동
,주공6,1986,,,,"24,800",1,6,2019,,,46.74,4,676-2,N,,41273,,고잔동
,두산위브,2015,,,,"36,000",29,6,2019,,,84.98,15,796,N,,41273,,초지동
,주공그린빌12,2003,,,,"26,000",27,6,2019,,,75.99,11,730,N,,41273,,초지동
,초지역메이저타운푸르지오에코단지,2019,,,,"34,000",30,7,2019,,,59.5958,31,1001,N,,41273,,원곡동
,초지역메이저타운푸르지오파크단지,2019,,,,"34,000",25,7,2019,,,59.863,14,802,N,,41273,,초지동
,센트럴푸르지오,2018,,,,"53,000",6,7,2019,,,84.9529,10,851,N,,41273,,고잔동
,호수공원(대림2B)134~139동,2002,,,,"60,000",11,7,2019,,,163.47,24,720,N,,41273,,고잔동
,벽산블루밍,2004,,,,"23,000",16,7,2019,,,59.95,9,828-5,N,,41273,,원곡동
,군자주공11,1990,,,,"13,400",8,7,2019,,,39.27,4,1078,N,,41273,,선부동
,두산위브,2015,,,,"36,000",29,7,2019,,,84.98,21,796,N,,41273,,초지동
,안산레이크타운푸르지오,2016,,,,"37,400",27,7,2019,,,59.5637,7,782,N,,41273,,고잔동
,그린빌18,2001,,,,"16,500",30,7,2019,,,49.41,3,738,N,,41273,,초지동
,초지역메이저타운푸르지오메트로단지,2019,,,,"27,800",23,7,2019,,,48.3659,7,803,N,,41273,,초지동
,초지역메이저타운푸르지오파크단지,2019,,,,"33,700",27,8,2019,,,59.9761,20,802,N,,41273,,초지동
,초지역메이저타운푸르지오파크단지,2019,,,,"42,200",27,8,2019,,,72.7925,26,802,N,,41273,,초지동
,호수공원(대림2B)134~139동,2002,,,,"36,000",27,8,2019,,,117.92,24,720,N,,41273,,고잔동
,주공그린빌11,2003,,,,"31,200",31,8,2019,,,84.99,15,723,N,,41273,,초지동
,호수마을풍림,2000,,,,"26,000",27,8,2019,,,84.96,5,731,N,,41273,,초지동
,초지역메이저타운푸르지오파크단지,2019,,,,"39,700",27,8,2019,,,72.7925,7,802,N,,41273,,초지동
,초지역메이저타운푸르지오파크단지,2019,,,,"33,200",27,8,2019,,,59.9761,8,802,N,,41273,,초지동
,푸르지오1차,2001,,,,"29,000",24,8,2019,,,84.7828,6,781,N,,41273,,고잔동
,휴먼시아6단지,2009,,,,"27,500",30,8,2019,,,84.91,14,1563,N,,41273,,신길동
,군자주공9,1989,,,,"13,250",21,8,2019,,,39.27,1,967,N,,41273,,선부동
,푸르지오4차,2003,,,,"30,500",30,9,2019,,,77.8241,3,702,N,,41273,,고잔동
,주공그린빌7,2001,,,,"27,450",30,9,2019,,,84.54,4,776,N,,41273,,고잔동
,서해그랑블,2004,,,,"28,900",27,9,2019,,,84.962,7,741,N,,41273,,초지동
,서해그랑블,2004,,,,"25,500",30,9,2019,,,71.939,12,741,N,,41273,,초지동
,주공5,1986,,,,"24,000",28,9,2019,,,39.72,3,675,N,,41273,,고잔동
,힐스테이트중앙,2018,,,,"45,000",23,9,2019,,,59.9633,34,853,N,,41273,,고잔동
,주공그린빌12,2003,,,,"26,000",30,9,2019,,,75.99,4,730,N,,41273,,초지동
,안산메트로타운푸르지오힐스테이트,2018,,,,"33,800",30,9,2019,,,74.4993,15,1177,N,,41273,,선부동
,서해그랑블,2004,,,,"35,500",10,9,2019,,,114.785,15,741,N,,41273,,초지동
,호수공원(대림2A),2001,,,,"29,000",28,9,2019,,,87.152,10,720,N,,41273,,고잔동
,초지역메이저타운푸르지오파크단지,2019,,,,"40,000",5,10,2019,,,59.9761,17,802,N,,41273,,초지동
,센트럴푸르지오,2018,,,,"60,000",14,10,2019,,,84.9529,20,851,N,,41273,,고잔동
,푸르지오4차,2003,,,,"31,000",5,10,2019,,,77.8241,5,702,N,,41273,,고잔동
,초지역메이저타운푸르지오파크단지,2019,,,,"38,500",31,10,2019,,,59.9761,20,802,N,,41273,,초지동
,주공그린빌14단지,2002,,,,"20,500",23,10,2019,,,59.76,1,725,N,,41273,,초지동
,푸르지오1차,2001,,,,"30,000",28,10,2019,,,84.7828,1,781,N,,41273,,고잔동
,초지역메이저타운푸르지오파크단지,2019,,,,"43,000",29,10,2019,,,72.7925,16,802,N,,41273,,초지동
,주공5,1986,,,,"33,000",28,10,2019,,,46.79,2,675,N,,41273,,고잔동
,고잔롯데캐슬골드파크,2018,,,,"42,750",25,10,2019,,,75.9,24,852,N,,41273,,고잔동
,경남아너스빌,2005,,,,"30,400",29,10,2019,,,84.99,4,938,N,,41273,,원곡동
,안산레이크타운푸르지오,2016,,,,"43,000",28,11,2019,,,59.5637,5,782,N,,41273,,고잔동
,초지역메이저타운푸르지오에코단지,2019,,,,"48,250",18,11,2019,,,84.6097,30,1001,N,,41273,,원곡동
,초지역메이저타운푸르지오파크단지,2019,,,,"40,000",14,11,2019,,,59.9761,30,802,N,,41273,,초지동
,초지역메이저타운푸르지오파크단지,2019,,,,"34,600",1,11,2019,,,59.9333,15,802,N,,41273,,초지동
,군자주공11,1990,,,,"16,200",30,11,2019,,,39.66,5,1078,N,,41273,,선부동
,푸르지오1차,2001,,,,"28,700",29,11,2019,,,71.1837,13,781,N,,41273,,고잔동
,주공그린빌8,2001,,,,"30,700",11,11,2019,,,75.77,5,766,N,,41273,,고잔동
,주공(9단지),1986,,,,"21,500",6,11,2019,,,66.56,5,672,N,,41273,,고잔동
,군자주공11,1990,,,,"12,900",16,11,2019,,,39.66,1,1078,N,,41273,,선부동
,벽산블루밍,2004,,,,"25,300",29,11,2019,,,84.99,5,828-5,N,,41273,,원곡동
,안산라프리모,2020,,,,"44,500",17,12,2019,,,84.9673,27,1188,N,,41273,,선부동
,초지역메이저타운푸르지오파크단지,2019,,,,"43,000",17,12,2019,,,59.9761,7,802,N,,41273,,초지동
,초지역메이저타운푸르지오메트로단지,2019,,,,"42,000",2,12,2019,,,59.9333,3,803,N,,41273,,초지동
,푸르지오3차,2003,,,,"47,000",9,12,2019,,,101.95,3,728,N,,41273,,고잔동
,푸르지오3차,2003,,,,"57,500",16,12,2019,,,121.46,19,728,N,,41273,,고잔동
,e편한세상선부파크플레이스1차,2018,,,,"32,500",16,12,2019,,,59.98,17,1186,N,,41273,,선부동
,주공6,1986,,,,"28,000",27,12,2019,,,39.72,2,676-2,N,,41273,,고잔동
,푸르지오3차,2003,,,,"37,500",21,12,2019,,,71.55,5,728,N,,41273,,고잔동
,양지마을,2001,,,,"43,000",31,12,2019,,,101.913,7,780,N,,41273,,고잔동
,안산아이파크,2013,,,,"33,000",2,12,2019,,,84.26,1,1679,N,,41273,,신길동
,안산라프리모,2020,,,,"48,000",9,1,2020,,,84.9673,31,1188,N,,41273,,선부동
,초지역메이저타운푸르지오메트로단지,2019,,,,"66,000",30,1,2020,,,84.5027,22,803,N,,41273,,초지동
,호수공원(대림1),2001,,,,"36,000",18,1,2020,,,87.152,14,720,N,,41273,,고잔동
,군자주공11,1990,,,,"14,000",30,1,2020,,,39.66,3,1078,N,,41273,,선부동
,푸르지오1차,2001,,,,"41,500",13,1,2020,,,95.4946,12,781,N,,41273,,고잔동
,고잔롯데캐슬골드파크,2018,,,,"32,000",28,1,2020,,,49.66,17,852,N,,41273,,고잔동
,네오빌6단지,2000,,,,"32,500",31,1,2020,,,84.5,10,767,N,,41273,,고잔동
,두산위브,2015,,,,"45,000",23,1,2020,,,84.98,18,796,N,,41273,,초지동
,효성,1997,,,,"16,000",23,1,2020,,,59.76,12,978-1,N,,41273,,선부동
,군자주공15(저층),1992,,,,"13,500",31,1,2020,,,39.61,3,1080,N,,41273,,선부동
,안산라프리모,2020,,,,"46,300",27,2,2020,,,84.9673,23,1188,N,,41273,,선부동
,안산아이파크,2013,,,,"34,000",28,2,2020,,,84.26,9,1679,N,,41273,,신길동
,안산라프리모,2020,,21.12.24,O,"59,800",27,2,2020,,,84.9673,23,1188,N,,41273,,선부동
,보네르빌리지,2001,,,,"39,300",29,2,2020,,,116.843,24,778,N,,41273,,고잔동
,안산아이파크,2013,,,,"30,000",29,2,2020,,,72.4,2,1679,N,,41273,,신길동
,보네르빌리지,2001,,,,"40,000",23,2,2020,,,116.003,5,778,N,,41273,,고잔동
,주공그린빌13단지,2002,,,,"20,500",29,2,2020,,,51.89,6,724,N,,41273,,초지동
,초지역메이저타운푸르지오에코단지,2019,,,,"45,000",14,2,2020,,,59.9932,7,1001,N,,41273,,원곡동
,호수공원(대림1),2001,,,,"34,900",18,2,2020,,,87.152,1,720,N,,41273,,고잔동
,주공그린빌9,2001,,,,"34,000",28,2,2020,,,84.5,2,765,N,,41273,,고잔동
,안산라프리모,2020,,,,"43,500",30,3,2020,,,84.9673,3,1188,N,,41273,,선부동
,호수공원(대림1),2001,,,,"50,000",9,3,2020,,,134.878,17,720,N,,41273,,고잔동
,주공그린빌11,2003,,,,"30,000",5,3,2020,,,84.99,3,723,N,,41273,,초지동
,푸르지오3차,2003,,,,"46,000",7,3,2020,,,71.55,15,728,N,,41273,,고잔동
,벽산블루밍,2004,,,,"29,000",31,3,2020,,,84.99,8,828-5,N,,41273,,원곡동
,초지역메이저타운푸르지오에코단지,2019,,,,"50,000",28,3,2020,,,59.5958,30,1001,N,,41273,,원곡동
,두산위브,2015,,,,"48,000",30,3,2020,,,84.98,13,796,N,,41273,,초지동
,주공그린빌14단지,2002,,,,"23,000",8,3,2020,,,59.88,7,725,N,,41273,,초지동
,초지역메이저타운푸르지오메트로단지,2019,,,,"40,000",2,3,2020,,,48.3659,34,803,N,,41273,,초지동
,호수공원(대림1),2001,,,,"53,500",9,3,2020,,,134.878,16,720,N,,41273,,고잔동
,안산아이파크,2013,,,,"36,000",21,4,2020,,,84.42,10,1679,N,,41273,,신길동
,안산라프리모,2020,,,,"51,000",25,4,2020,,,84.9673,34,1188,N,,41273,,선부동
,고잔롯데캐슬골드파크,2018,,,,"36,000",7,4,2020,,,59.98,25,852,N,,41273,,고잔동
,벽산블루밍,2004,,,,"22,000",21,4,2020,,,59.95,15,828-5,N,,41273,,원곡동
,군자주공10,1989,,,,"21,500",11,4,2020,,,39.27,4,1069,N,,41273,,선부동
,주공그린빌11,2003,,,,"31,000",30,4,2020,,,75.99,7,723,N,,41273,,초지동
,군자주공15(저층),1992,,,,"15,000",23,4,2020,,,39.61,5,1080,N,,41273,,선부동
,군자주공15(고층),1993,,,,"15,300",15,4,2020,,,41.3,3,1080,N,,41273,,선부동
,휴먼시아4단지,2012,,,,"26,800",30,4,2020,,,84.95,2,1537,N,,41273,,신길동
,군자주공15(고층),1993,,,,"16,700",14,4,2020,,,41.3,14,1080,N,,41273,,선부동
,안산아이파크,2013,,,,"34,500",1,5,2020,,,84.26,5,1679,N,,41273,,신길동
,안산아이파크,2013,,,,"33,000",25,5,2020,,,84.09,2,1679,N,,41273,,신길동
,휴먼시아3단지,2009,,,,"27,450",26,5,2020,,,84.87,12,1518,N,,41273,,신길동
,양지마을,2001,,,,"41,900",27,5,2020,,,84.838,5,780,N,,41273,,고잔동
,호수공원(대림1),2001,,,,"52,500",18,5,2020,,,117.92,24,720,N,,41273,,고잔동
,공작한양(고층),1992,,,,"26,700",27,5,2020,,,84.88,14,1085,N,,41273,,선부동
,동명벽산블루밍,2010,,,,"32,700",12,5,2020,,,74.02,1,1082,N,,41273,,선부동
,산호한양,1993,,,,"11,700",21,5,2020,,,42.615,6,1081,N,,41273,,선부동
,수정한양,1991,,,,"18,000",25,5,2020,,,49.98,5,1086,N,,41273,,선부동
,네오빌6단지,2000,,,,"36,000",28,5,2020,,,84.5,10,767,N,,41273,,고잔동
,힐스테이트중앙,2018,,,,"59,500",9,6,2020,,,59.9929,27,853,N,,41273,,고잔동
,벽산블루밍,2004,,,,"30,000",1,6,2020,,,84.99,14,828-5,N,,41273,,원곡동
,서해그랑블,2004,,,,"34,500",30,6,2020,,,84.962,10,741,N,,41273,,초지동
,네오빌6단지,2000,,,,"34,900",11,6,2020,,,75.51,3,767,N,,41273,,고잔동
,안산라프리모,2020,,,,"41,700",12,6,2020,,,59.4504,28,1188,N,,41273,,선부동
,안산라프리모,2020,,,,"60,000",13,6,2020,,,84.9673,21,1188,N,,41273,,선부동
,군자주공15(고층),1993,,,,"21,000",8,6,2020,,,41.3,14,1080,N,,41273,,선부동
,군자주공10,1989,,,,"24,700",17,6,2020,,,39.66,2,1069,N,,41273,,선부동
,보네르빌리지,2001,,,,"49,800",1,6,2020,,,156.873,3,778,N,,41273,,고잔동
,서해그랑블,2004,,,,"41,000",5,6,2020,,,114.785,8,741,N,,41273,,초지동
,주공그린빌9,2001,,,,"32,000",30,7,2020,,,84.5,1,765,N,,41273,,고잔동
,호수공원(대림1),2001,,,,"63,000",4,7,2020,,,163.47,16,720,N,,41273,,고잔동
,호수마을풍림,2000,,,,"40,500",6,7,2020,,,142.78,30,731,N,,41273,,초지동
,한화꿈에그린,2006,,,,"39,000",12,7,2020,,,84.9146,16,847,N,,41273,,원곡동
,안산아이파크,2013,,,,"33,300",20,7,2020,,,72.77,3,1679,N,,41273,,신길동
,고잔롯데캐슬골드파크,2018,,,,"36,000",31,7,2020,,,59.98,17,852,N,,41273,,고잔동
,천년가리더스카이,2020,,,,"26,000",31,7,2020,,,59.126,9,885,N,,41273,,와동
,안산8차푸르지오,2006,,,,"26,800",27,7,2020,,,59.9624,3,937,N,,41273,,원곡동
,군자주공11,1990,,,,"24,100",28,7,2020,,,46.98,4,1078,N,,41273,,선부동
,푸르지오3차,2003,,,,"54,000",22,7,2020,,,84.96,4,728,N,,41273,,고잔동
,네오빌6단지,2000,,,,"41,000",8,8,2020,,,84.5,2,767,N,,41273,,고잔동
,호수마을풍림,2000,,,,"30,000",29,8,2020,,,84.96,2,731,N,,41273,,초지동
,주공그린빌9,2001,,,,"33,600",31,8,2020,,,75.79,2,765,N,,41273,,고잔동
,주공그린빌14단지,2002,,,,"25,000",31,8,2020,,,59.76,4,725,N,,41273,,초지동
,푸르지오3차,2003,,,,"54,700",26,8,2020,,,84.96,11,728,N,,41273,,고잔동
,푸르지오1차,2001,,,,"43,500",28,8,2020,,,84.782,8,781,N,,41273,,고잔동
,안산메트로타운푸르지오힐스테이트,2018,,,,"38,500",29,8,2020,,,59.9683,21,1177,N,,41273,,선부동
,푸르지오3차,2003,,,,"53,500",28,8,2020,,,84.96,23,728,N,,41273,,고잔동
,동명벽산블루밍,2010,,,,"33,400",26,8,2020,,,59.98,13,1082,N,,41273,,선부동
,호수마을풍림,2000,,,,"39,000",31,8,2020,,,101.99,14,731,N,,41273,,초지동
,군자주공12,1991,,,,"20,000",8,9,2020,,,44.94,14,1078,N,,41273,,선부동
,안산레이크타운푸르지오,2016,,,,"78,000",5,9,2020,,,84.8211,27,782,N,,41273,,고잔동
,동명벽산블루밍,2010,,,,"42,500",24,9,2020,,,84.94,8,1082,N,,41273,,선부동
,산호한양,1993,,,,"14,000",9,9,2020,,,42.615,6,1081,N,,41273,,선부동
,서해그랑블,2004,,,,"36,500",26,9,2020,,,99.385,9,741,N,,41273,,초지동
,호수마을풍림,2000,,,,"29,000",24,9,2020,,,84.96,5,731,N,,41273,,초지동
,호수마을풍림,2000,,,,"30,800",22,9,2020,,,84.96,4,731,N,,41273,,초지동
,안산메트로타운푸르지오힐스테이트,2018,,,,"48,800",24,9,2020,,,84.9123,29,1177,N,,41273,,선부동
,안산메트로타운푸르지오힐스테이트,2018,,,,"48,000",26,9,2020,,,84.9123,16,1177,N,,41273,,선부동
,안산메트로타운푸르지오힐스테이트,2018,,,,"36,500",26,9,2020,,,59.8167,21,1177,N,,41273,,선부동
,안산아이파크,2013,,,,"37,000",17,10,2020,,,84.42,2,1679,N,,41273,,신길동
,군자주공12,1991,,,,"16,500",20,10,2020,,,38.64,2,1078,N,,41273,,선부동
,호수마을풍림,2000,,,,"40,500",29,10,2020,,,118.96,23,731,N,,41273,,초지동
,주공그린빌11,2003,,,,"30,700",17,10,2020,,,75.99,5,723,N,,41273,,초지동
,서해그랑블,2004,,21.02.02,O,"34,900",27,10,2020,,,84.962,10,741,N,,41273,,초지동
,두산위브,2004,,,,"22,500",30,10,2020,,,59.991,5,1445,N,,41273,,신길동
,푸르지오3차,2003,,,,"56,000",26,10,2020,,,84.96,15,728,N,,41273,,고잔동
,대우푸르지오5,2003,,,,"35,800",31,10,2020,,,63.013,4,712,N,,41273,,고잔동
,안산레이크타운푸르지오,2016,,,,"55,000",31,10,2020,,,59.5637,27,782,N,,41273,,고잔동
,수정한양,1991,,,,"15,000",28,10,2020,,,49.98,5,1086,N,,41273,,선부동
,호수공원(대림1),2001,,,,"49,000",17,11,2020,,,117.92,7,720,N,,41273,,고잔동
,안산레이크타운푸르지오,2016,,,,"65,000",23,11,2020,,,84.6038,2,782,N,,41273,,고잔동
,주공(9단지),1986,,,,"28,000",28,11,2020,,,66.56,12,672,N,,41273,,고잔동
,공작한양(고층),1992,,21.01.06,O,"29,800",19,11,2020,,,118.87,15,1085,N,,41273,,선부동
,안산메트로타운푸르지오힐스테이트,2018,,,,"44,000",26,11,2020,,,74.4993,21,1177,N,,41273,,선부동
,힐스테이트중앙,2018,,,,"77,000",28,11,2020,,,84.9761,18,853,N,,41273,,고잔동
,주공그린빌13단지,2002,,,,"21,300",28,11,2020,,,51.89,9,724,N,,41273,,초지동
,수정한양,1991,,,,"34,000",28,11,2020,,,155.155,4,1086,N,,41273,,선부동
,군자주공9,1989,,,,"26,000",30,11,2020,,,46.98,5,967,N,,41273,,선부동
,안산레이크타운푸르지오,2016,,,,"54,500",29,11,2020,,,59.5637,4,782,N,,41273,,고잔동
,초지역메이저타운푸르지오메트로단지,2019,,,,"48,000",19,12,2020,,,48.3659,32,803,N,,41273,,초지동
,센트럴푸르지오,2018,,,,"72,000",26,12,2020,,,84.9529,36,851,N,,41273,,고잔동
,호수마을풍림,2000,,,,"33,800",7,12,2020,,,84.96,8,731,N,,41273,,초지동
,안산8차푸르지오,2006,,,,"43,000",23,12,2020,,,114.9794,20,937,N,,41273,,원곡동
,양지마을,2001,,,,"44,500",22,12,2020,,,84.838,15,780,N,,41273,,고잔동
,롯데캐슬더퍼스트,2018,,,,"60,000",6,12,2020,,,84.97,15,801,N,,41273,,초지동
,산호한양,1993,,,,"14,500",28,12,2020,,,42.615,17,1081,N,,41273,,선부동
,경남아너스빌,2005,,,,"47,000",28,12,2020,,,115.3,11,938,N,,41273,,원곡동
,서해그랑블,2004,,,,"39,000",22,12,2020,,,99.385,5,741,N,,41273,,초지동
,군자주공15(고층),1993,,,,"20,000",28,12,2020,,,41.3,6,1080,N,,41273,,선부동
,안산라프리모,2020,,,,"66,000",26,1,2021,,,84.9673,16,1188,N,,41273,,선부동
,군자주공10,1989,,,,"24,000",28,1,2021,,,39.27,3,1069,N,,41273,,선부동
,대우푸르지오5,2003,,,,"36,000",25,1,2021,,,63.013,11,712,N,,41273,,고잔동
,산호한양,1993,,,,"10,500",29,1,2021,,,29.2725,20,1081,N,,41273,,선부동
,안산메트로타운푸르지오힐스테이트,2018,,,,"44,000",26,1,2021,,,59.8167,27,1177,N,,41273,,선부동
,호수마을풍림,2000,,,,"35,000",11,1,2021,,,101.99,3,731,N,,41273,,초지동
,고잔롯데캐슬골드파크,2018,,,,"42,000",30,1,2021,,,49.66,12,852,N,,41273,,고잔동
,군자주공11,1990,,,,"23,700",24,1,2021,,,46.65,1,1078,N,,41273,,선부동
,안산메트로타운푸르지오힐스테이트,2018,,,,"44,000",29,1,2021,,,74.7692,3,1177,N,,41273,,선부동
,산호한양,1993,,,,"21,400",31,1,2021,,,50.085,2,1081,N,,41273,,선부동
,공작한양(고층),1992,,,,"42,000",20,2,2021,,,155.155,4,1085,N,,41273,,선부동
,휴먼시아6단지,2009,,,,"31,000",17,2,2021,,,84.64,1,1563,N,,41273,,신길동
,대우푸르지오5,2003,,,,"33,000",1,2,2021,,,63.013,13,712,N,,41273,,고잔동
,삼익,1998,,,,"20,000",19,2,2021,,,59.59,1,1438,N,,41273,,신길동
,군자주공12,1991,,21.04.28,O,"21,000",27,2,2021,,,38.64,15,1078,N,,41273,,선부동
,서해그랑블,2004,,,,"48,500",5,2,2021,,,114.785,20,741,N,,41273,,초지동
,주공그린빌7,2001,,,,"49,000",23,2,2021,,,75.6,7,776,N,,41273,,고잔동
,공작한양(고층),1992,,,,"31,300",25,2,2021,,,84.88,5,1085,N,,41273,,선부동
,안산8차푸르지오,2006,,,,"32,800",10,2,2021,,,59.9624,16,937,N,,41273,,원곡동
,수정한양,1991,,,,"22,900",27,2,2021,,,49.98,2,1086,N,,41273,,선부동
,푸르지오3차,2003,,,,"84,000",21,3,2021,,,121.46,16,728,N,,41273,,고잔동
,한화꿈에그린,2006,,,,"46,500",27,3,2021,,,84.9146,4,847,N,,41273,,원곡동
,군자주공15(고층),1993,,,,"29,700",24,3,2021,,,49.94,10,1080,N,,41273,,선부동
,롯데캐슬더퍼스트,2018,,,,"58,000",31,3,2021,,,59.98,21,801,N,,41273,,초지동
,주공그린빌11,2003,,,,"42,000",13,3,2021,,,75.99,8,723,N,,41273,,초지동
,공작한양(저층),1992,,,,"30,000",25,3,2021,,,70.0025,4,1085,N,,41273,,선부동
,주공그린빌7,2001,,,,"42,000",29,3,2021,,,75.6,2,776,N,,41273,,고잔동
,군자주공14,1992,,,,"23,000",10,3,2021,,,40,5,1079,N,,41273,,선부동
,삼익,1998,,,,"26,000",30,3,2021,,,84.96,3,1438,N,,41273,,신길동
,공작한양(고층),1992,,,,"38,500",18,3,2021,,,84.88,5,1085,N,,41273,,선부동
,호수공원(대림1),2001,,,,"75,000",8,4,2021,,,134.878,3,720,N,,41273,,고잔동
,롯데캐슬더퍼스트,2018,,,,"74,000",28,4,2021,,,84.97,18,801,N,,41273,,초지동
,호수공원(대림1),2001,,,,"65,000",30,4,2021,,,87.152,15,720,N,,41273,,고잔동
,군자주공15(저층),1992,,,,"22,800",30,4,2021,,,40,5,1080,N,,41273,,선부동
,삼익,1998,,,,"29,000",21,4,2021,,,59.59,15,1438,N,,41273,,신길동
,삼익,1998,,,,"32,800",21,4,2021,,,84.96,12,1438,N,,41273,,신길동
,주공그린빌13단지,2002,,,,"26,200",18,4,2021,,,51.75,2,724,N,,41273,,초지동
,호수공원(대림1),2001,,,,"68,750",9,4,2021,,,117.92,16,720,N,,41273,,고잔동
,공작한양(저층),1992,,,,"34,900",24,4,2021,,,70.0025,4,1085,N,,41273,,선부동
,군자주공12,1991,,,,"26,000",30,4,2021,,,38.64,9,1078,N,,41273,,선부동
,군자주공11,1990,,,,"29,000",28,5,2021,,,39.66,4,1078,N,,41273,,선부동
,롯데캐슬더퍼스트,2018,,,,"74,500",25,5,2021,,,84.97,15,801,N,,41273,,초지동
,벽산블루밍,2004,,,,"39,000",13,5,2021,,,84.99,20,828-5,N,,41273,,원곡동
,푸르지오3차,2003,,,,"63,000",15,5,2021,,,71.55,17,728,N,,41273,,고잔동
,경남아너스빌,2005,,,,"45,950",28,5,2021,,,74.86,5,938,N,,41273,,원곡동
,주공그린빌14단지,2002,,,,"37,600",27,5,2021,,,59.76,6,725,N,,41273,,초지동
,주공그린빌11,2003,,,,"47,700",22,5,2021,,,84.99,13,723,N,,41273,,초지동
,서해그랑블,2004,,,,"42,000",28,5,2021,,,71.939,14,741,N,,41273,,초지동
,대우푸르지오5,2003,,,,"43,000",13,5,2021,,,63.013,2,712,N,,41273,,고잔동
,휴먼빌2차,2007,,,,"42,000",15,5,2021,,,84.704,10,1447,N,,41273,,신길동
,오성푸르메APT101동,2014,,,,"30,000",15,6,2021,,,84.99,9,616,N,,41273,,고잔동
,경남아너스빌,2005,,,,"45,000",18,6,2021,,,74.86,4,938,N,,41273,,원곡동
,주공그린빌11,2003,,,,"41,500",29,6,2021,,,84.99,1,723,N,,41273,,초지동
,안산메트로타운푸르지오힐스테이트,2018,,,,"53,600",26,6,2021,,,74.4993,2,1177,N,,41273,,선부동
,주공8,1987,,,,"43,800",29,6,2021,,,75.51,2,671,N,,41273,,고잔동
,네오빌6단지,2000,,,,"54,800",27,6,2021,,,75.51,3,767,N,,41273,,고잔동
,그린빌18,2001,,,,"22,750",30,6,2021,,,49.86,9,738,N,,41273,,초지동
,군자주공11,1990,,,,"33,000",22,6,2021,,,39.66,3,1078,N,,41273,,선부동
,호수마을풍림,2000,,,,"41,000",28,6,2021,,,74.35,11,731,N,,41273,,초지동
,주공그린빌13단지,2002,,,,"32,900",12,6,2021,,,51.89,7,724,N,,41273,,초지동
,안산레이크타운푸르지오,2016,,,,"76,000",29,7,2021,,,84.6732,2,782,N,,41273,,고잔동
,공작한양(고층),1992,,,,"39,000",19,7,2021,,,73.9581,8,1085,N,,41273,,선부동
,주공그린빌7,2001,,,,"54,600",14,7,2021,,,75.6,9,776,N,,41273,,고잔동
,두산위브,2015,,,,"76,500",31,7,2021,,,101.98,7,796,N,,41273,,초지동
,두산위브,2015,,,,"69,000",23,7,2021,,,84.98,3,796,N,,41273,,초지동
,안산메트로타운푸르지오힐스테이트,2018,,,,"57,000",31,7,2021,,,74.7692,26,1177,N,,41273,,선부동
,경남아너스빌,2005,,,,"60,000",27,7,2021,,,115.3,20,938,N,,41273,,원곡동
,푸르지오3차,2003,,,,"89,000",24,7,2021,,,134.61,24,728,N,,41273,,고잔동
,삼익,1998,,,,"31,700",26,7,2021,,,59.59,9,1438,N,,41273,,신길동
,주공그린빌9,2001,,,,"51,300",22,7,2021,,,75.62,2,765,N,,41273,,고잔동
,공작한양(고층),1992,,,,"62,000",18,8,2021,,,155.155,3,1085,N,,41273,,선부동
,삼익,1998,,,,"30,000",23,8,2021,,,59.59,1,1438,N,,41273,,신길동
,주공(9단지),1986,,,,"34,000",26,8,2021,,,54.9,15,672,N,,41273,,고잔동
,초지역메이저타운푸르지오메트로단지,2019,,,,"74,500",27,8,2021,,,59.9333,22,803,N,,41273,,초지동
,초지역메이저타운푸르지오에코단지,2019,,,,"92,000",10,8,2021,,,84.6097,16,1001,N,,41273,,원곡동
,안산메트로타운푸르지오힐스테이트,2018,,21.10.20,O,"52,500",27,8,2021,,,59.8167,6,1177,N,,41273,,선부동
,주공(9단지),1986,,,,"40,800",18,8,2021,,,66.56,1,672,N,,41273,,고잔동
,두산위브,2004,,,,"37,000",30,8,2021,,,84.866,14,1445,N,,41273,,신길동
,삼익,1998,,,,"36,500",23,8,2021,,,84.96,3,1438,N,,41273,,신길동
,초지역메이저타운푸르지오메트로단지,2019,,,,"61,500",14,8,2021,,,48.3659,19,803,N,,41273,,초지동
,호수마을풍림,2000,,,,"52,500",25,9,2021,,,84.96,7,731,N,,41273,,초지동
,안산메트로타운푸르지오힐스테이트,2018,,,,"67,500",18,9,2021,,,84.9123,34,1177,N,,41273,,선부동
,주공8,1987,,,,"37,000",30,9,2021,,,64.62,12,671,N,,41273,,고잔동
,안산8차푸르지오,2006,,,,"48,000",30,9,2021,,,84.9897,2,937,N,,41273,,원곡동
,공작한양(고층),1992,,,,"17,000",18,9,2021,,,28.215,2,1085,N,,41273,,선부동
,그린빌15(해맑음마을),2002,,,,"22,900",14,9,2021,,,40.83,7,736,N,,41273,,초지동
,산호한양,1993,,,,"22,900",3,9,2021,,,42.615,7,1081,N,,41273,,선부동
,그린빌15(해맑음마을),2002,,,,"21,200",25,9,2021,,,40.83,4,736,N,,41273,,초지동
,호수마을풍림,2000,,,,"51,900",29,9,2021,,,84.96,7,731,N,,41273,,초지동
,주공그린빌13단지,2002,,,,"35,000",29,9,2021,,,51.89,6,724,N,,41273,,초지동
,e편한세상초지역센트럴포레,2021,,,,"67,500",23,10,2021,,,59.974,14,1002,N,,41273,,원곡동
,이편한세상선부역어반스퀘어,2020,,,,"60,000",20,10,2021,,,59.93,19,1189,N,,41273,,선부동
,휴먼빌2차,2007,,,,"49,500",7,10,2021,,,84.704,8,1447,N,,41273,,신길동
,호수공원(대림1),2001,,,,"66,000",26,10,2021,,,87.152,10,720,N,,41273,,고잔동
,초지역메이저타운푸르지오에코단지,2019,,,,"60,000",28,10,2021,,,49.4932,27,1001,N,,41273,,원곡동
,경남아너스빌,2005,,,,"49,650",11,10,2021,,,84.99,3,938,N,,41273,,원곡동
,휴먼시아3단지,2009,,,,"41,900",13,10,2021,,,84.87,5,1518,N,,41273,,신길동
,삼익,1998,,,,"35,000",15,10,2021,,,84.96,2,1438,N,,41273,,신길동
,주공8,1987,,,,"38,000",30,10,2021,,,54.9,14,671,N,,41273,,고잔동
,수정한양,1991,,,,"27,000",29,10,2021,,,73.9118,12,1086,N,,41273,,선부동
,두산위브,2004,,,,"40,000",2,11,2021,중개거래,경기 안산단원구,84.866,7,1445,N,,41273,,신길동
,벽산블루밍,2004,,,,"49,800",21,11,2021,중개거래,경기 안산단원구,84.99,20,828-5,N,,41273,,원곡동
,벽산블루밍,2004,,,,"50,000",2,11,2021,중개거래,경기 안산단원구,84.99,13,828-5,N,,41273,,원곡동
,안산레이크타운푸르지오,2016,,,,"89,000",24,11,2021,중개거래,경기 안산단원구 경기 안산상록구,84.8499,6,782,N,,41273,,고잔동
,주공그린빌12,2003,,,,"45,500",27,11,2021,중개거래,경기 안산단원구,75.99,3,730,N,,41273,,초지동
,주공(9단지),1986,,,,"45,000",27,11,2021,중개거래,경기 안산단원구,66.38,4,672,N,,41273,,고잔동
,효성,1997,,,,"24,500",24,11,2021,중개거래,경기 안산단원구,59.76,12,978-1,N,,41273,,선부동
,경남아너스빌,2005,,,,"47,500",22,11,2021,중개거래,경기 안산단원구,59.99,10,938,N,,41273,,원곡동
,보네르빌리지,2001,,,,"61,500",30,11,2021,직거래,,103.146,6,778,N,,41273,,고잔동
,초지역메이저타운푸르지오메트로단지,2019,,,,"60,000",22,11,2021,중개거래,경기 안산단원구,48.3659,16,803,N,,41273,,초지동
,초지역메이저타운푸르지오메트로단지,2019,,,,"92,000",26,12,2021,중개거래,경기 안산단원구,72.7925,12,803,N,,41273,,초지동
,공작한양(고층),1992,,,,"24,000",11,12,2021,중개거래,경기 안산시 단원구,42.615,11,1085,N,,41273,,선부동
,오성푸르메APT102동,2014,,,,"27,400",23,12,2021,중개거래,경기 안산단원구,84.99,4,616-1,N,,41273,,고잔동
,푸르지오4차,2003,,,,"56,000",23,12,2021,중개거래,경기 안산단원구,77.8241,11,702,N,,41273,,고잔동
,수정한양,1991,,,,"29,000",31,12,2021,중개거래,경기 안산단원구,49.98,2,1086,N,,41273,,선부동
,효성,1997,,,,"21,500",14,12,2021,중개거래,경기 안산단원구,59.76,5,978-1,N,,41273,,선부동
,산호한양,1993,,,,"20,900",30,12,2021,중개거래,경기 안산단원구,29.2725,11,1081,N,,41273,,선부동
,푸르지오4차,2003,,22.01.24,O,"56,000",23,12,2021,중개거래,경기 안산단원구,77.8241,11,702,N,,41273,,고잔동
,주공그린빌11,2003,,,,"48,500",20,12,2021,중개거래,경기 안산시 단원구,75.99,9,723,N,,41273,,초지동
,그린빌15(해맑음마을),2002,,,,"39,800",26,12,2021,중개거래,경기 안산단원구,59.97,6,736,N,,41273,,초지동
,롯데캐슬더퍼스트,2018,,,,"74,700",31,1,2022,중개거래,경기 안산단원구,84.97,13,801,N,,41273,,초지동
,주공그린빌7,2001,,,,"52,000",19,1,2022,중개거래,경기 안산단원구,84.54,4,776,N,,41273,,고잔동
,롯데캐슬더퍼스트,2018,,22.06.29,O,"74,700",31,1,2022,중개거래,경기 안산단원구,84.97,13,801,N,,41273,,초지동
,안산메트로타운푸르지오힐스테이트,2018,,,,"50,000",21,1,2022,중개거래,경기 안산단원구,59.8167,5,1177,N,,41273,,선부동
,군자주공12,1991,,,,"35,000",6,1,2022,중개거래,경기 안산상록구,44.94,12,1078,N,,41273,,선부동
,산호한양,1993,,,,"23,400",21,1,2022,중개거래,경기 안산단원구,42.615,8,1081,N,,41273,,선부동
,공작한양(저층),1992,,,,"35,500",30,1,2022,중개거래,경기 안산단원구,70.0025,3,1085,N,,41273,,선부동
,서해그랑블,2004,,,,"59,500",22,1,2022,중개거래,경기 안산상록구,114.785,22,741,N,,41273,,초지동
,안산메트로타운푸르지오힐스테이트,2018,,,,"51,000",22,1,2022,중개거래,경기 안산시 단원구,59.8167,46,1177,N,,41273,,선부동
,주공그린빌8,2001,,,,"55,500",20,1,2022,중개거래,경기 안산단원구 경기 안산상록구,75.95,5,766,N,,41273,,고잔동
,군자주공11,1990,,,,"37,000",17,2,2022,중개거래,경기 안산단원구,46.65,2,1078,N,,41273,,선부동
,안산메트로타운푸르지오힐스테이트,2018,,,,"50,000",26,2,2022,중개거래,경기 안산단원구,59.8167,37,1177,N,,41273,,선부동
,주공그린빌13단지,2002,,,,"24,500",16,2,2022,중개거래,경기 안산단원구,39.38,2,724,N,,41273,,초지동
,주공그린빌13단지,2002,,,,"36,000",25,2,2022,중개거래,경기 안산단원구,51.89,9,724,N,,41273,,초지동
,호수마을풍림,2000,,,,"67,000",28,2,2022,중개거래,경기 안산단원구,142.78,11,731,N,,41273,,초지동
,양지마을,2001,,,,"56,500",22,2,2022,중개거래,경기 안산단원구,69.546,12,780,N,,41273,,고잔동
,군자주공12,1991,,,,"36,500",28,2,2022,중개거래,경기 안산단원구,44.94,4,1078,N,,41273,,선부동
,수정한양,1991,,,,"36,300",19,2,2022,중개거래,경기 안산단원구,69.895,5,1086,N,,41273,,선부동
,호수공원(대림1),2001,,,,"110,000",25,2,2022,중개거래,경기 안산단원구,163.47,8,720,N,,41273,,고잔동
,안산라프리모,2020,,,,"56,000",28,2,2022,중개거래,경기 안산단원구,59.4504,25,1188,N,,41273,,선부동
,주공그린빌13단지,2002,,,,"24,900",27,3,2022,중개거래,경기 안산상록구,39.38,5,724,N,,41273,,초지동
,군자주공12,1991,,,,"31,000",21,3,2022,중개거래,경기 안산단원구,38.64,5,1078,N,,41273,,선부동
,군자주공10,1989,,,,"36,300",31,3,2022,중개거래,경기 안산단원구,39.27,4,1069,N,,41273,,선부동
,공작한양(저층),1992,,,,"36,000",30,3,2022,중개거래,경기 안산단원구,70.0025,4,1085,N,,41273,,선부동
,주공(9단지),1986,,,,"41,000",28,3,2022,중개거래,경기 안산단원구,61.52,6,672,N,,41273,,고잔동
,안산라프리모,2020,,,,"62,900",26,3,2022,중개거래,경기 안산단원구,74.926,15,1188,N,,41273,,선부동
,양지마을,2001,,,,"56,800",30,3,2022,중개거래,경기 안산단원구,84.838,3,780,N,,41273,,고잔동
,공작한양(고층),1992,,,,"19,500",22,3,2022,중개거래,경기 안산단원구,28.215,11,1085,N,,41273,,선부동
,벽산블루밍,2004,,,,"48,300",31,3,2022,중개거래,경기 안산단원구,84.99,16,828-5,N,,41273,,원곡동
,주공6,1986,,,,"42,500",25,3,2022,중개거래,경기 안산단원구,39.72,4,676-2,N,,41273,,고잔동
,두산위브,2004,,,,"40,500",28,4,2022,중개거래,경기 안산단원구,84.866,5,1445,N,,41273,,신길동
,그린빌18,2001,,,,"30,700",15,4,2022,중개거래,경기 안산단원구,49.41,2,738,N,,41273,,초지동
,군자주공10,1989,,,,"42,500",30,4,2022,중개거래,경기 안산단원구,46.98,5,1069,N,,41273,,선부동
,삼익,1998,,,,"39,500",29,4,2022,중개거래,경기 안산단원구,110.97,5,1438,N,,41273,,신길동
,초지역메이저타운푸르지오에코단지,2019,,,,"69,000",30,4,2022,중개거래,경기 안산단원구,59.9084,26,1001,N,,41273,,원곡동
,두산위브,2004,,22.07.27,O,"40,500",28,4,2022,중개거래,경기 안산단원구,84.866,5,1445,N,,41273,,신길동
,보네르빌리지,2001,,,,"77,500",19,4,2022,중개거래,경기 안산단원구,156.873,8,778,N,,41273,,고잔동
,안산신길온천역휴먼빌,2005,,,,"34,000",25,4,2022,중개거래,경기 안산단원구,59.8411,4,1446,N,,41273,,신길동
,삼익,1998,,,,"36,200",28,4,2022,중개거래,경기 안산단원구,84.96,8,1438,N,,41273,,신길동
,서해그랑블,2004,,,,"50,000",24,4,2022,중개거래,경기 안산단원구,71.939,14,741,N,,41273,,초지동
,공작한양(고층),1992,,,,"18,700",17,5,2022,중개거래,경기 안산단원구,28.215,7,1085,N,,41273,,선부동
,센트럴푸르지오,2018,,,,"133,000",27,5,2022,중개거래,경기 안산단원구,115.4311,36,851,N,,41273,,고잔동
,센트럴푸르지오,2018,,22.09.08,O,"133,000",27,5,2022,중개거래,경기 안산단원구,115.4311,36,851,N,,41273,,고잔동
,푸르지오4차,2003,,,,"50,000",26,5,2022,중개거래,경기 안산단원구,59.8517,3,702,N,,41273,,고잔동
,그린빌15(해맑음마을),2002,,,,"23,500",26,5,2022,중개거래,경기 안산단원구,40.83,6,736,N,,41273,,초지동
,군자주공9,1989,,,,"38,000",26,5,2022,중개거래,경기 안산단원구,39.66,3,967,N,,41273,,선부동
,e편한세상선부파크플레이스2차,2018,,,,"73,200",28,5,2022,중개거래,경기 안산단원구,84.98,13,1186,N,,41273,,선부동
,안산라프리모,2020,,,,"70,000",31,5,2022,중개거래,경기 안산단원구,84.9673,23,1188,N,,41273,,선부동
,푸르지오1차,2001,,,,"74,000",27,5,2022,중개거래,경기 안산단원구,95.4946,15,781,N,,41273,,고잔동
,군자주공15(고층),1993,,,,"38,700",15,5,2022,중개거래,경기 안산단원구 경기 안산상록구,49.94,12,1080,N,,41273,,선부동
,주공그린빌14단지,2002,,,,"31,500",30,6,2022,중개거래,경기 안산단원구,49.54,4,725,N,,41273,,초지동
,주공그린빌7,2001,,,,"54,400",28,6,2022,중개거래,경기 안산단원구 경기 안산상록구,75.56,10,776,N,,41273,,고잔동
,초지역메이저타운푸르지오에코단지,2019,,,,"75,000",28,6,2022,중개거래,경기 안산단원구,72.7437,14,1001,N,,41273,,원곡동
,공작한양(고층),1992,,,,"18,400",25,6,2022,중개거래,경기 안산단원구,28.215,4,1085,N,,41273,,선부동
,공작한양(고층),1992,,,,"19,700",7,6,2022,중개거래,경기 안산상록구,28.215,15,1085,N,,41273,,선부동
,주공8,1987,,,,"38,500",20,6,2022,중개거래,경기 안산단원구,61.52,11,671,N,,41273,,고잔동
,인썬캐슬,2013,,,,"33,000",16,6,2022,직거래,,84.27,4,780-4,N,,41273,,와동
,벽산블루밍,2004,,,,"46,900",29,6,2022,중개거래,경기 안산단원구,84.99,21,828-5,N,,41273,,원곡동
,벽산블루밍,2004,,,,"46,500",12,6,2022,중개거래,경기 안산단원구,84.99,7,828-5,N,,41273,,원곡동
,공작한양(고층),1992,,,,"24,200",22,6,2022,중개거래,경기 안산단원구,42.615,15,1085,N,,41273,,선부동
,롯데캐슬더퍼스트,2018,,,,"57,900",28,7,2022,중개거래,경기 안산단원구,74.97,10,801,N,,41273,,초지동
,센트럴푸르지오,2018,,,,"80,000",20,7,2022,중개거래,경기 안산단원구,84.9529,24,851,N,,41273,,고잔동
,주공그린빌13단지,2002,,,,"34,400",28,7,2022,중개거래,경기 안산단원구 경기 안양동안구,51.89,3,724,N,,41273,,초지동
,서해그랑블,2004,,,,"50,000",22,7,2022,중개거래,경기 안산단원구,84.962,9,741,N,,41273,,초지동
,초지역메이저타운푸르지오메트로단지,2019,,,,"49,500",16,7,2022,중개거래,경기 안산단원구,48.3659,9,803,N,,41273,,초지동
,호수마을풍림,2000,,,,"48,000",26,7,2022,중개거래,경기 안산단원구,84.96,5,731,N,,41273,,초지동
,호수마을풍림,2000,,,,"61,000",27,7,2022,직거래,,118.96,10,731,N,,41273,,초지동
,군자주공12,1991,,,,"25,000",26,7,2022,중개거래,경기 안산단원구,38.64,1,1078,N,,41273,,선부동
,삼익,1998,,,,"40,000",13,7,2022,중개거래,경기 안산단원구,131.55,1,1438,N,,41273,,신길동
,주공그린빌13단지,2002,,,,"33,000",22,7,2022,중개거래,경기 고양덕양구 경기 안산단원구,51.89,8,724,N,,41273,,초지동
,안산8차푸르지오,2006,,,,"42,000",18,8,2022,중개거래,경기 안산단원구,84.9897,2,937,N,,41273,,원곡동
,주공(9단지),1986,,22.11.21,O,"35,200",28,8,2022,중개거래,경기 시흥시 경기 안양동안구,54.9,5,672,N,,41273,,고잔동
,주공그린빌9,2001,,,,"54,400",27,8,2022,중개거래,경기 안산시 상록구,84.7,3,765,N,,41273,,고잔동
,서해그랑블,2004,,,,"56,500",31,8,2022,중개거래,경기 안산단원구,114.785,16,741,N,,41273,,초지동
,안산라프리모,2020,,,,"64,000",24,8,2022,중개거래,경기 안산단원구,84.9673,17,1188,N,,41273,,선부동
,군자주공11,1990,,,,"28,000",23,8,2022,중개거래,경기 안산단원구,39.66,4,1078,N,,41273,,선부동
,대우푸르지오5,2003,,,,"48,000",25,8,2022,중개거래,경기 안산단원구,63.013,15,712,N,,41273,,고잔동
,대우푸르지오5,2003,,,,"60,000",23,8,2022,중개거래,경기 안산단원구,84.916,15,712,N,,41273,,고잔동
,주공(9단지),1986,,,,"36,500",20,8,2022,중개거래,경기 안산단원구,54.9,12,672,N,,41273,,고잔동
,주공그린빌13단지,2002,,,,"23,200",20,8,2022,중개거래,경기 안산단원구,39.89,5,724,N,,41273,,초지동
,주공그린빌11,2003,,,,"39,000",21,9,2022,중개거래,경기 안산단원구,84.99,2,723,N,,41273,,초지동
,단원마을금강펜테리움,2002,,,,"55,000",27,9,2022,직거래,,84.694,13,714,N,,41273,,고잔동
,주공8,1987,,,,"30,000",27,9,2022,중개거래,경기 안산단원구,54.9,3,671,N,,41273,,고잔동
,주공그린빌11,2003,,22.10.22,O,"39,000",21,9,2022,중개거래,경기 안산단원구,84.99,2,723,N,,41273,,초지동
,안산메트로타운푸르지오힐스테이트,2018,,,,"48,000",30,9,2022,중개거래,경기 안산단원구,59.9683,9,1177,N,,41273,,선부동
,주공8,1987,,,,"30,000",20,9,2022,중개거래,경기 안산단원구,64.62,2,671,N,,41273,,고잔동
,안산라프리모,2020,,,,"59,600",15,9,2022,중개거래,경기 안산단원구 경기 화성시,84.9673,29,1188,N,,41273,,선부동
,안산8차푸르지오,2006,,,,"46,500",30,9,2022,중개거래,경기 안산단원구,84.9897,17,937,N,,41273,,원곡동
,초지역메이저타운푸르지오에코단지,2019,,,,"54,000",15,9,2022,직거래,,49.4932,19,1001,N,,41273,,원곡동
,그린빌18,2001,,,,"22,200",19,9,2022,중개거래,경기 안산시 단원구,39.3,7,738,N,,41273,,초지동
,천년가리더스카이,2020,,,,"42,000",3,10,2022,중개거래,경기 안산단원구,74.9807,3,885,N,,41273,,와동
,초지역메이저타운푸르지오에코단지,2019,,,,"50,000",3,10,2022,중개거래,경기 안산단원구,49.4932,28,1001,N,,41273,,원곡동
,군자주공10,1989,,,,"32,500",31,10,2022,중개거래,경기 안산단원구,39.27,2,1069,N,,41273,,선부동
,안산메트로타운푸르지오힐스테이트,2018,,,,"60,000",30,10,2022,중개거래,경기 안산단원구,84.508,22,1177,N,,41273,,선부동
,한화꿈에그린,2006,,,,"39,500",12,10,2022,중개거래,경기 안산단원구,59.9254,7,847,N,,41273,,원곡동
,군자주공9,1989,,,,"29,900",25,10,2022,중개거래,경기 안산단원구,39.66,1,967,N,,41273,,선부동
,안산라프리모,2020,,,,"50,000",29,10,2022,중개거래,경기 안산단원구,74.8727,27,1188,N,,41273,,선부동
,벽산블루밍,2004,,,,"34,500",28,10,2022,중개거래,경기 안산단원구,59.95,3,828-5,N,,41273,,원곡동
,군자주공12,1991,,,,"22,000",19,10,2022,중개거래,경기 안산단원구,38.64,7,1078,N,,41273,,선부동
,주공7,1987,,,,"26,800",20,10,2022,중개거래,경기 안산단원구,54.9,12,670,N,,41273,,고잔동
,공작한양(고층),1992,,,,"18,800",30,11,2022,직거래,,28.215,4,1085,N,,41273,,선부동
,군자주공12,1991,,,,"20,500",28,11,2022,중개거래,경기 안산단원구,38.64,13,1078,N,,41273,,선부동
,안산메트로타운푸르지오힐스테이트,2018,,,,"39,000",27,11,2022,중개거래,경기 안산단원구,59.8227,5,1177,N,,41273,,선부동
,주공그린빌14단지,2002,,,,"30,000",24,11,2022,중개거래,경기 안산단원구,59.88,8,725,N,,41273,,초지동
,푸르지오1차,2001,,,,"69,000",30,11,2022,직거래,,95.4946,14,781,N,,41273,,고잔동
,주공6,1986,,23.03.14,O,"47,000",22,11,2022,중개거래,경기 안산단원구,47.1,2,676-2,N,,41273,,고잔동
,주공6,1986,,,,"35,500",28,11,2022,중개거래,경기 안산단원구,39.72,3,676-2,N,,41273,,고잔동
,주공8,1987,,,,"28,000",30,11,2022,중개거래,경기 안산단원구,54.9,10,671,N,,41273,,고잔동
,호수마을풍림,2000,,,,"52,000",16,11,2022,중개거래,경기 안산단원구,142.78,8,731,N,,41273,,초지동
,호수마을풍림,2000,,,,"58,000",19,11,2022,직거래,,118.96,10,731,N,,41273,,초지동
,안산메트로타운푸르지오힐스테이트,2018,,23.06.16,O,"46,500",29,12,2022,중개거래,경기 안산시단원구,74.4993,26,1177,N,,41273,,선부동
,벽산블루밍,2004,,,,"37,500",23,12,2022,중개거래,경기 안산단원구,84.99,12,828-5,N,,41273,,원곡동
,호수마을풍림,2000,,,,"35,300",29,12,2022,중개거래,경기 안산단원구,74.35,10,731,N,,41273,,초지동
,주공그린빌13단지,2002,,,,"27,900",27,12,2022,중개거래,경기 안산단원구,51.75,6,724,N,,41273,,초지동
,군자주공15(저층),1992,,,,"24,200",26,12,2022,직거래,,39.61,5,1080,N,,41273,,선부동
,네오빌6단지,2000,,,,"41,000",28,12,2022,직거래,,84.5,11,767,N,,41273,,고잔동
,고잔롯데캐슬골드파크,2018,,,,"50,000",26,12,2022,중개거래,경기 안산단원구,59.98,22,852,N,,41273,,고잔동
,e편한세상선부파크플레이스2차,2018,,,,"40,000",29,12,2022,중개거래,경기 안산단원구,59.98,13,1186,N,,41273,,선부동
,초지역메이저타운푸르지오메트로단지,2019,,,,"41,900",30,12,2022,중개거래,경기 안산단원구,48.3659,12,803,N,,41273,,초지동
,안산메트로타운푸르지오힐스테이트,2018,,,,"42,500",30,12,2022,중개거래,경기 안산단원구,74.7692,34,1177,N,,41273,,선부동
2011,서해그랑블,2004,,,,"32,500",17,1,2023,중개거래,경기 광명시 경기 안산상록구,71.939,1,741,N,23.04.12,41273,,초지동
611,네오빌6단지,2000,,,,"41,500",16,1,2023,중개거래,경기 안산단원구,75.51,4,767,N,23.04.10,41273,,고잔동
118,호수마을풍림,2000,,,,"33,000",31,1,2023,중개거래,경기 안산단원구,74.35,5,731,N,23.04.07,41273,,초지동
806,주공그린빌8,2001,,,,"42,000",30,1,2023,중개거래,경기 안산단원구,75.62,9,766,N,23.04.07,41273,,고잔동
103,초지역메이저타운푸르지오에코단지,2019,,,,"43,000",28,1,2023,중개거래,경기 안산단원구,49.4932,34,1001,N,23.04.17,41273,,원곡동
711,주공7,1987,,,,"35,500",26,1,2023,직거래,,75.24,2,670,N,23.03.17,41273,,고잔동
303,푸르지오3차,2003,,,,"60,000",31,1,2023,중개거래,경기 안산단원구,101.95,1,728,N,23.06.21,41273,,고잔동
103,센트럴푸르지오,2018,,,,"70,000",30,1,2023,중개거래,경기 안산단원구,84.9529,14,851,N,23.02.24,41273,,고잔동
525,주공5,1986,,,,"33,000",27,1,2023,직거래,,46.74,1,675,N,23.02.17,41273,,고잔동
905,주공그린빌9,2001,,,,"40,000",27,1,2023,중개거래,경기 안산단원구,75.79,15,765,N,23.04.12,41273,,고잔동
110동,안산푸르지오브리파크,2023,,,,"45,400",7,2,2023,중개거래,경기 안산시 단원구,59.9692,13,1003,N,24.05.22,41273,,원곡동
1307,주공그린빌13단지,2002,,,,"17,200",26,2,2023,중개거래,경기 안산단원구,39.38,3,724,N,23.05.22,41273,,초지동
107,벽산블루밍,2004,,,,"38,000",22,2,2023,중개거래,경기 안산단원구,73.8,13,828-5,N,23.04.28,41273,,원곡동
104,푸르지오1차,2001,,,,"45,000",23,2,2023,중개거래,인천 중구,84.7828,13,781,N,23.03.23,41273,,고잔동
1301,주공그린빌13단지,2002,,,,"28,700",24,2,2023,중개거래,경기 안산단원구,51.75,8,724,N,23.05.31,41273,,초지동
111,동명벽산블루밍,2010,,,,"48,000",20,2,2023,중개거래,경기 안산단원구,84.94,16,1082,N,23.05.31,41273,,선부동
105동,안산메트로타운푸르지오힐스테이트,2018,,,,"37,000",23,2,2023,중개거래,경기 안산단원구,59.8167,8,1177,N,23.05.19,41273,,선부동
203,수정한양,1991,,,,"25,600",24,2,2023,중개거래,경기 안산단원구,49.98,2,1086,N,23.04.20,41273,,선부동
1206,군자주공12,1991,,,,"20,000",28,2,2023,중개거래,경기 안산단원구,38.64,4,1078,N,23.04.27,41273,,선부동
108,힐스테이트중앙,2018,,,,"60,000",27,2,2023,중개거래,경기 안산단원구,59.9929,21,853,N,23.05.02,41273,,고잔동
107동,안산푸르지오브리파크,2023,,,,"50,000",21,3,2023,중개거래,경기 안산시 단원구,59.8555,19,1003,N,24.05.30,41273,,원곡동
101동,안산푸르지오브리파크,2023,,,,"31,000",15,3,2023,중개거래,경기 안산시 단원구,49.7492,7,1003,N,24.06.07,41273,,원곡동
105,센트럴푸르지오,2018,,,,"80,000",7,3,2023,중개거래,경기 안산단원구,84.9529,31,851,N,23.05.19,41273,,고잔동
102,두산위브,2004,,,,"29,000",11,3,2023,중개거래,경기 안산단원구,59.991,14,1445,N,23.05.12,41273,,신길동
104,경남아너스빌,2005,,,,"40,500",30,3,2023,중개거래,경기 안산단원구,84.99,7,938,N,23.06.02,41273,,원곡동
107,힐스테이트중앙,2018,,,,"59,800",31,3,2023,중개거래,경기 안산단원구,59.9929,37,853,N,23.05.26,41273,,고잔동
808,주공그린빌8,2001,,,,"48,000",28,3,2023,중개거래,경기 안산단원구,84.7,15,766,N,23.05.26,41273,,고잔동
103,보네르빌리지,2001,,,,"55,000",30,3,2023,중개거래,경기 안산단원구,116.843,5,778,N,23.08.30,41273,,고잔동
1017,서해그랑블,2004,,,,"51,000",31,3,2023,중개거래,경기 안산단원구,100.994,15,741,N,23.06.29,41273,,초지동
103,초지역메이저타운푸르지오파크단지,2019,,,,"59,300",28,3,2023,중개거래,경기 안산단원구,72.7925,3,802,N,23.06.30,41273,,초지동
524,주공5,1986,,,,"38,000",21,4,2023,중개거래,경기 안산단원구,47.1,1,675,N,23.07.03,41273,,고잔동
102동,천년가리더스카이,2020,,,,"37,750",26,4,2023,중개거래,경기 안산단원구,59.126,14,885,N,23.10.06,41273,,와동
2008,서해그랑블,2004,,,,"42,800",24,4,2023,중개거래,경기 안산단원구,84.962,6,741,N,23.06.13,41273,,초지동
105,고잔롯데캐슬골드파크,2018,,,,"53,900",29,4,2023,중개거래,경기 안산단원구,59.97,8,852,N,23.06.28,41273,,고잔동
,주공5,1986,,23.09.07,O,"40,000",27,4,2023,중개거래,경기 안산시단원구,47.1,1,675,N,,41273,,고잔동
104,경남아너스빌,2005,,,,"42,500",24,4,2023,중개거래,경기 안산단원구,84.99,18,938,N,23.07.13,41273,,원곡동
106동,안산레이크타운푸르지오,2016,,,,"80,500",19,4,2023,중개거래,경기 안산단원구,84.8211,16,782,N,23.06.20,41273,,고잔동
813,안산8차푸르지오,2006,,,,"40,700",22,4,2023,중개거래,경기 안산단원구,84.9897,15,937,N,23.06.09,41273,,원곡동
110동,안산레이크타운푸르지오,2016,,,,"77,000",22,4,2023,중개거래,경기 안산단원구,84.8499,11,782,N,23.08.11,41273,,고잔동
107동,안산레이크타운푸르지오,2016,,,,"89,500",28,4,2023,중개거래,경기 안산단원구 경기 안산상록구,84.8211,22,782,N,23.07.31,41273,,고잔동
104,초지역메이저타운푸르지오메트로단지,2019,,,,"41,500",18,5,2023,중개거래,경기 시흥시 경기 안산단원구,48.3659,1,803,N,23.08.24,41273,,초지동
111,경남아너스빌,2005,,,,"32,500",18,5,2023,중개거래,경기 안산단원구,59.99,2,938,N,23.08.21,41273,,원곡동
1123,군자주공11,1990,,,,"23,500",31,5,2023,중개거래,경기 안산단원구,39.66,1,1078,N,23.07.27,41273,,선부동
102동,이편한세상선부역어반스퀘어,2020,,,,"55,000",3,5,2023,중개거래,경기 안산단원구,74.95,8,1189,N,23.07.28,41273,,선부동
108,공작한양(저층),1992,,,,"29,700",25,5,2023,중개거래,경기 안산단원구,70.0025,2,1085,N,23.07.25,41273,,선부동
1506,그린빌15(해맑음마을),2002,,,,"34,700",29,5,2023,중개거래,경기 안산단원구,59.97,6,736,N,23.08.31,41273,,초지동
810,안산8차푸르지오,2006,,,,"41,875",30,5,2023,중개거래,경기 안산단원구,84.9897,21,937,N,23.11.07,41273,,원곡동
105동,이편한세상선부역어반스퀘어,2020,,,,"41,000",25,5,2023,직거래,,49.97,6,1189,N,23.06.28,41273,,선부동
102,힐스테이트중앙,2018,,,,"75,000",27,5,2023,중개거래,경기 안산단원구,74.9729,14,853,N,23.07.25,41273,,고잔동
그린빌 1407동,주공그린빌14단지,2002,,,,"33,800",26,5,2023,중개거래,경기 안산단원구,59.76,9,725,N,23.08.04,41273,,초지동
108동,안산푸르지오브리파크,2023,,,,"71,000",1,6,2023,중개거래,경기 안산시 단원구,84.6097,24,1003,N,24.05.31,41273,,원곡동
104,초지역메이저타운푸르지오파크단지,2019,,,,"58,000",23,6,2023,중개거래,경기 안산단원구,59.9333,23,802,N,23.09.26,41273,,초지동
108,힐스테이트중앙,2018,,,,"62,000",9,6,2023,중개거래,경기 안산단원구,59.9929,5,853,N,23.09.27,41273,,고잔동
133,호수공원(대림1),2001,,,,"58,000",15,6,2023,중개거래,경기 안산단원구,87.152,6,720,N,23.08.25,41273,,고잔동
105,벽산블루밍,2004,,,,"41,000",18,6,2023,중개거래,경기 시흥시 경기 안산단원구,84.99,18,828-5,N,23.07.26,41273,,원곡동
1,동화펠리스,2009,,,,"23,000",30,6,2023,직거래,,84.93,5,616-5,N,23.08.01,41273,,고잔동
103동,안산메트로타운푸르지오힐스테이트,2018,,,,"45,500",16,6,2023,중개거래,경기 안산단원구,74.7692,18,1177,N,23.10.11,41273,,선부동
107동,안산레이크타운푸르지오,2016,,,,"84,000",29,6,2023,중개거래,경기 안산단원구,84.6732,19,782,N,23.10.16,41273,,고잔동
809,주공그린빌8,2001,,,,"44,300",27,6,2023,중개거래,경기 안산단원구,75.58,3,766,N,23.10.18,41273,,고잔동
1811,그린빌18,2001,,,,"20,500",27,6,2023,중개거래,경기 안산시 단원구,39.99,7,738,N,23.11.06,41273,,초지동
405,푸르지오4차,2003,,,,"54,300",26,7,2023,중개거래,경기 안산단원구,77.8241,13,702,N,23.11.03,41273,,고잔동
811,안산8차푸르지오,2006,,,,"49,200",21,7,2023,중개거래,경기 안산단원구,114.9794,8,937,N,23.10.30,41273,,원곡동
107,초지역메이저타운푸르지오메트로단지,2019,,,,"83,000",4,7,2023,중개거래,경기 안산단원구,84.5027,32,803,N,23.10.06,41273,,초지동
104,안산신길온천역휴먼빌,2005,,,,"34,800",7,7,2023,중개거래,경기 안산단원구,84.9773,6,1446,N,23.09.27,41273,,신길동
101,안산아이파크,2013,,,,"47,000",18,7,2023,중개거래,경기 안산단원구,84.42,8,1679,N,23.08.30,41273,,신길동
912,주공그린빌9,2001,,,,"46,500",30,7,2023,중개거래,경기 안산단원구,75.82,15,765,N,23.10.19,41273,,고잔동
108,e편한세상초지역센트럴포레,2021,,,,"53,000",12,7,2023,중개거래,경기 안산단원구,59.974,8,1002,N,23.08.28,41273,,원곡동
530,주공5,1986,,,,"35,800",26,7,2023,중개거래,경기 안산단원구,39.72,1,675,N,23.10.04,41273,,고잔동
104,한화꿈에그린,2006,,,,"49,000",30,7,2023,중개거래,경기 안산단원구,84.9146,6,847,N,23.10.27,41273,,원곡동
114,벽산블루밍,2004,,,,"39,800",29,7,2023,중개거래,경기 안산단원구,84.99,3,828-5,N,23.11.24,41273,,원곡동
108동,안산푸르지오브리파크,2023,,,,"53,000",10,8,2023,중개거래,경기 안산시 단원구,72.7611,24,1003,N,24.05.28,41273,,원곡동
107동,안산레이크타운푸르지오,2016,,,,"85,000",21,8,2023,중개거래,경기 안산단원구 경기 안산상록구,84.8211,10,782,N,24.01.12,41273,,고잔동
그린빌 1409동,주공그린빌14단지,2002,,,,"33,800",19,8,2023,중개거래,경기 안산단원구,59.88,6,725,N,23.11.10,41273,,초지동
109,보네르빌리지,2001,,,,"49,000",12,8,2023,중개거래,경기 안산상록구,89.081,1,778,N,23.11.10,41273,,고잔동
108,힐스테이트중앙,2018,,,,"64,400",27,8,2023,중개거래,경기 안산단원구,59.9929,32,853,N,23.10.27,41273,,고잔동
232,수정한양,1991,,,,"29,500",29,8,2023,중개거래,경기 안산단원구,73.9118,1,1086,N,23.11.15,41273,,선부동
104,초지역메이저타운푸르지오에코단지,2019,,,,"57,300",25,8,2023,중개거래,경기 안산단원구,59.5958,29,1001,N,23.10.31,41273,,원곡동
101,고잔롯데캐슬골드파크,2018,,,,"69,900",28,8,2023,중개거래,경기 안산단원구,84.96,6,852,N,23.11.15,41273,,고잔동
102동,이편한세상선부역어반스퀘어,2020,,,,"51,000",24,8,2023,중개거래,경기 안산단원구,59.93,6,1189,N,23.10.30,41273,,선부동
111동,안산레이크타운푸르지오,2016,,,,"85,500",31,8,2023,중개거래,경기 안산단원구,84.8499,31,782,N,23.10.27,41273,,고잔동
132,호수공원(대림1),2001,,,,"56,000",21,9,2023,중개거래,경기 안산상록구 경기 화성시,87.152,14,720,N,23.11.30,41273,,고잔동
109,삼익,1998,,,,"23,800",3,9,2023,중개거래,경기 안산단원구,59.59,19,1438,N,23.10.26,41273,,신길동
402,휴먼시아4단지,2012,,,,"40,000",27,9,2023,중개거래,경기 안산단원구,74.53,15,1537,N,23.11.22,41273,,신길동
908,주공(9단지),1986,,,,"34,000",27,9,2023,중개거래,경기 안산단원구,61.52,14,672,N,23.11.29,41273,,고잔동
612,네오빌6단지,2000,,,,"47,000",18,9,2023,중개거래,경기 안산단원구 경기 안산상록구,75.51,8,767,N,23.12.22,41273,,고잔동
103,안산라프리모,2020,,,,"61,000",23,9,2023,중개거래,경기 시흥시 경기 안산단원구,84.9673,21,1188,N,23.11.22,41273,,선부동
104,안산라프리모,2020,,,,"50,000",23,9,2023,중개거래,경기 안산단원구,74.926,25,1188,N,23.12.12,41273,,선부동
101동,천년가리더스카이,2020,,,,"35,000",23,9,2023,중개거래,경기 안산단원구,59.654,20,885,N,23.11.15,41273,,와동
1204,군자주공12,1991,,,,"23,300",27,9,2023,중개거래,경기 안산단원구,38.64,11,1078,N,23.10.31,41273,,선부동
105,안산라프리모,2020,,,,"49,000",26,9,2023,중개거래,경기 안산단원구,59.4885,18,1188,N,23.12.01,41273,,선부동
111동,안산레이크타운푸르지오,2016,,,,"81,500",17,10,2023,중개거래,경기 안산단원구 경기 안산상록구,84.8499,5,782,N,24.01.15,41273,,고잔동
104,산호한양,1993,,,,"19,000",4,10,2023,중개거래,경기 안산단원구,42.615,18,1081,N,23.12.11,41273,,선부동
1011,서해그랑블,2004,,,,"40,500",5,10,2023,중개거래,경기 안산단원구,71.939,1,741,N,24.01.12,41273,,초지동
109,삼익,1998,,,,"24,300",31,10,2023,중개거래,경기 안산단원구,59.59,3,1438,N,23.12.29,41273,,신길동
1208,군자주공12,1991,,,,"27,950",31,10,2023,중개거래,경기 안산단원구 경기 화성시,44.94,14,1078,N,23.12.15,41273,,선부동
2012,서해그랑블,2004,,,,"41,000",25,10,2023,중개거래,경기 안산단원구,71.939,11,741,N,24.01.12,41273,,초지동
120,호수공원(대림1),2001,,,,"100,000",25,10,2023,중개거래,경기 안산시 단원구,163.47,2,720,N,24.03.19,41273,,고잔동
101,삼익,1998,,,,"32,500",27,10,2023,중개거래,경기 안산단원구,84.96,13,1438,N,23.12.01,41273,,신길동
107,삼익,1998,,,,"24,500",27,10,2023,중개거래,경기 안산단원구,59.59,12,1438,N,23.12.01,41273,,신길동
113,벽산블루밍,2004,,,,"34,000",31,10,2023,중개거래,경기 안산단원구,59.95,3,828-5,N,23.12.29,41273,,원곡동
105,안산아이파크,2013,,,,"43,950",18,11,2023,중개거래,경기 안산단원구,84.26,9,1679,N,24.01.25,41273,,신길동
105,벽산블루밍,2004,,,,"42,000",30,11,2023,중개거래,경기 안산시단원구,84.99,14,828-5,N,24.03.04,41273,,원곡동
,안산아이파크,2013,,24.01.25,O,"43,900",18,11,2023,중개거래,경기 안산단원구,84.26,9,1679,N,,41273,,신길동
107,초지역메이저타운푸르지오파크단지,2019,,,,"60,900",26,11,2023,중개거래,경기 안산단원구,59.9333,31,802,N,24.01.17,41273,,초지동
106동,안산레이크타운푸르지오,2016,,,,"85,000",27,11,2023,중개거래,경기 안산단원구 경기 안산상록구,84.6732,10,782,N,24.01.30,41273,,고잔동
205,수정한양,1991,,,,"31,000",29,11,2023,중개거래,경기 안산시단원구,69.895,3,1086,N,24.02.15,41273,,선부동
105,호수마을풍림,2000,,,,"57,800",21,11,2023,중개거래,경기 안산단원구,142.78,26,731,N,24.01.05,41273,,초지동
202,e편한세상선부파크플레이스2차,2018,,,,"60,000",23,11,2023,중개거래,경기 안산시단원구,84.98,19,1186,N,24.02.19,41273,,선부동
902,군자주공9,1989,,,,"29,500",17,11,2023,중개거래,경기 안산단원구,46.65,5,967,N,24.01.30,41273,,선부동
1505,그린빌15(해맑음마을),2002,,,,"26,650",23,11,2023,중개거래,경기 안산단원구,49.98,9,736,N,23.12.27,41273,,초지동
,주공그린빌14단지,2002,,24.04.19,O,"24,500",13,12,2023,중개거래,경기 안산시단원구,48.33,1,725,N,,41273,,초지동
103,푸르지오1차,2001,,,,"59,000",28,12,2023,중개거래,경기 안산시 단원구,84.7828,3,781,N,24.04.26,41273,,고잔동
105,동명벽산블루밍,2010,,,,"39,500",12,12,2023,중개거래,경기 안산시 단원구,59.98,2,1082,N,24.02.29,41273,,선부동
702,주공그린빌7,2001,,,,"49,000",22,12,2023,중개거래,경기 안산단원구,84.58,13,776,N,24.01.30,41273,,고잔동
112,푸르지오1차,2001,,,,"59,950",30,12,2023,중개거래,경기 안산시단원구,84.782,9,781,N,24.03.11,41273,,고잔동
103,푸르지오1차,2001,,,,"59,000",28,12,2023,중개거래,경기 안산시 단원구,84.7828,3,781,N,24.04.26,41273,,고잔동
102,안산아이파크,2013,,,,"47,000",25,12,2023,중개거래,경기 안산시단원구,84.42,15,1679,N,24.03.21,41273,,신길동
103동,이편한세상선부역어반스퀘어,2020,,,,"48,800",28,12,2023,중개거래,경기 안산시 단원구,59.96,20,1189,N,24.03.28,41273,,선부동
119,안산라프리모,2020,,,,"53,500",30,12,2023,중개거래,경기 안산시단원구,74.8727,7,1188,N,24.03.15,41273,,선부동
306,푸르지오3차,2003,,,,"85,000",20,12,2023,중개거래,경기 안산시단원구,134.61,21,728,N,24.02.19,41273,,고잔동
104,삼익,1998,개인,,,"36,500",29,1,2024,중개거래,경기 안산시 단원구,131.55,6,1438,N,24.05.07,41273,개인,신길동
1106,주공그린빌11,2003,개인,,,"42,000",25,1,2024,중개거래,경기 안산시단원구,75.99,6,723,N,24.04.22,41273,개인,초지동
,수정한양,1991,개인,24.03.26,O,"27,000",8,1,2024,중개거래,경기 안산시단원구,49.98,4,1086,N,,41273,개인,선부동
105,산호한양,1993,개인,,,"21,000",25,1,2024,중개거래,경기 안산시단원구,50.085,1,1081,N,24.03.15,41273,개인,선부동
104,경남아너스빌,2005,개인,,,"39,500",30,1,2024,중개거래,경기 안산시단원구,84.99,23,938,N,24.03.29,41273,개인,원곡동
108,힐스테이트중앙,2018,개인,,,"64,000",23,1,2024,중개거래,경기 안산시단원구,59.9929,10,853,N,24.04.22,41273,개인,고잔동
2016,서해그랑블,2004,개인,,,"60,000",29,1,2024,중개거래,경기 안산시 단원구,114.785,25,741,N,24.08.16,41273,개인,초지동
1316,주공그린빌13단지,2002,개인,,,"29,300",29,1,2024,중개거래,경기 안산시단원구,51.89,5,724,N,24.04.30,41273,개인,초지동
106동,이편한세상선부역어반스퀘어,2020,개인,,,"49,300",25,1,2024,중개거래,경기 안산시단원구,59.96,3,1189,N,24.02.22,41273,개인,선부동
1117,군자주공11,1990,개인,,,"24,700",27,1,2024,중개거래,경기 안산시 단원구,39.27,3,1078,N,24.03.15,41273,개인,선부동
807,안산8차푸르지오,2006,개인,,,"44,780",15,2,2024,중개거래,경기 안산시단원구,84.9897,6,937,N,24.05.31,41273,개인,원곡동
1010,서해그랑블,2004,개인,,,"39,000",26,2,2024,중개거래,경기 안산시단원구,71.939,14,741,N,24.05.31,41273,개인,초지동
102동,안산푸르지오브리파크,2023,개인,,,"59,800",27,2,2024,중개거래,경기 안산시 단원구,72.7611,13,1003,N,24.05.23,41273,개인,원곡동
그린빌 1405동,주공그린빌14단지,2002,개인,,,"34,000",28,2,2024,중개거래,경기 안산시단원구,59.76,6,725,N,24.04.30,41273,개인,초지동
809,주공그린빌8,2001,개인,,,"50,200",21,2,2024,중개거래,"경기 안산시단원구, 경기 안산시상록구",75.58,8,766,N,24.05.03,41273,개인,고잔동
1506,그린빌15(해맑음마을),2002,법인,,,"36,000",23,2,2024,중개거래,경기 안산시 단원구,59.97,12,736,N,24.04.05,41273,개인,초지동
203,수정한양,1991,개인,,,"22,000",27,2,2024,중개거래,"경기 시흥시, 경기 안산시단원구",49.98,5,1086,N,24.05.30,41273,법인,선부동
112,경남아너스빌,2005,개인,,,"32,000",28,2,2024,중개거래,경기 안산시단원구,84.99,1,938,N,24.05.07,41273,법인,원곡동
1019,서해그랑블,2004,개인,,,"52,500",28,2,2024,중개거래,"경기 안산시단원구, 경기 안산시상록구",99.385,26,741,N,24.06.03,41273,개인,초지동
813,안산8차푸르지오,2006,개인,,,"42,500",25,2,2024,중개거래,경기 시흥시,84.9897,4,937,N,24.05.24,41273,개인,원곡동
407,휴먼시아4단지,2012,개인,,,"39,000",31,3,2024,중개거래,"경기 시흥시, 경기 안산시단원구",84.91,11,1537,N,24.06.05,41273,개인,신길동
103,포레나안산고잔,2023,개인,,,"65,530",11,3,2024,중개거래,경기 안산시 단원구,72.995,13,631,N,24.05.23,41273,개인,고잔동
101,e편한세상초지역센트럴포레,2021,개인,,,"47,000",8,3,2024,중개거래,경기 안산시단원구,49.944,23,1002,N,24.07.04,41273,개인,원곡동
104,안산라프리모,2020,개인,,,"52,400",25,3,2024,중개거래,경기 안산시단원구,74.8727,23,1188,N,24.07.11,41273,개인,선부동
104,안산푸르지오브리파크,2023,개인,,,"55,500",30,3,2024,중개거래,경기 안산시 단원구,59.8555,33,1003,N,24.06.28,41273,개인,원곡동
603,휴먼시아6단지,2009,개인,,,"42,000",25,3,2024,중개거래,경기 안산시단원구,84.91,15,1563,N,24.06.05,41273,개인,신길동
603,휴먼시아6단지,2009,개인,,,"37,000",23,3,2024,중개거래,경기 안산시단원구,84.91,8,1563,N,24.06.05,41273,개인,신길동
107,초지역메이저타운푸르지오파크단지,2019,개인,,,"69,700",28,3,2024,중개거래,경기 안산시단원구,84.8438,13,802,N,24.06.28,41273,개인,초지동
1502,군자주공15(고층),1993,개인,,,"21,600",29,3,2024,중개거래,경기 안산시단원구,41.3,1,1080,N,24.05.13,41273,개인,선부동
127,호수마을풍림,2000,개인,,,"44,500",29,3,2024,중개거래,경기 안산시 단원구,84.96,15,731,N,24.08.30,41273,개인,초지동
103,초지역메이저타운푸르지오에코단지,2019,개인,,,"48,600",13,4,2024,중개거래,경기 안산시 단원구,49.4932,25,1001,N,24.10.22,41273,개인,원곡동
102,경남아너스빌,2005,개인,,,"44,500",13,4,2024,중개거래,경기 안산시단원구,84.99,3,938,N,24.07.05,41273,개인,원곡동
106,센트럴푸르지오,2018,개인,,,"90,000",9,4,2024,중개거래,경기 안산시 단원구,99.7579,8,851,N,24.06.19,41273,개인,고잔동
1504,그린빌15(해맑음마을),2002,개인,,,"33,200",6,4,2024,중개거래,경기 안산시단원구,59.97,3,736,N,24.05.31,41273,개인,초지동
,일신건영휴먼빌,2005,개인,,,"28,500",29,4,2024,중개거래,경기 안산시단원구,84.683,12,1028-1,N,24.07.02,41273,개인,선부동
139,호수공원(대림1),2001,개인,,,"102,000",25,4,2024,중개거래,경기 안산시단원구,163.47,18,720,N,24.06.27,41273,개인,고잔동
1005,서해그랑블,2004,개인,,,"42,500",27,4,2024,중개거래,경기 안산시단원구,84.962,6,741,N,24.06.28,41273,개인,초지동
106,초지역메이저타운푸르지오에코단지,2019,개인,,,"64,000",25,4,2024,중개거래,서울 서초구,84.6097,20,1001,N,24.06.24,41273,개인,원곡동
1320,주공그린빌13단지,2002,개인,,,"28,500",25,4,2024,중개거래,경기 안산시단원구,51.89,8,724,N,24.06.05,41273,개인,초지동
106,고잔롯데캐슬골드파크,2018,개인,,,"62,500",29,4,2024,중개거래,경기 안산시단원구,75.9,26,852,N,24.06.27,41273,개인,고잔동
1125,군자주공11,1990,개인,,,"22,900",31,5,2024,중개거래,경기 안산시 단원구,39.27,2,1078,N,24.08.30,41273,개인,선부동
205,휴먼빌2차,2007,개인,,,"40,000",8,5,2024,중개거래,경기 안산시 단원구,84.704,13,1447,N,24.07.01,41273,개인,신길동
104,경남아너스빌,2005,개인,,,"43,400",30,5,2024,중개거래,경기 시흥시,84.99,19,938,N,24.08.16,41273,개인,원곡동
106,보네르빌리지,2001,개인,,,"62,100",3,5,2024,중개거래,경기 안산시단원구,116.843,20,778,N,24.06.28,41273,개인,고잔동
103동,안산레이크타운푸르지오,2016,개인,,,"86,000",30,5,2024,직거래,,84.7053,1,782,N,24.06.25,41273,개인,고잔동
101,두산위브,2015,개인,,,"56,000",11,5,2024,중개거래,경기 안산시단원구,84.98,12,796,N,24.06.28,41273,개인,초지동
105,삼익,1998,개인,,,"22,000",30,5,2024,중개거래,경기 안산시단원구,59.59,22,1438,N,24.06.25,41273,개인,신길동
1809,그린빌18,2001,개인,,,"25,500",29,5,2024,중개거래,경기 안산시 단원구,49.41,3,738,N,24.08.14,41273,개인,초지동
308,푸르지오3차,2003,개인,,,"67,900",29,5,2024,중개거래,경기 안산시단원구,84.96,8,728,N,24.07.05,41273,개인,고잔동
110동,안산레이크타운푸르지오,2016,개인,,,"92,000",13,5,2024,중개거래,경기 안산시단원구,84.8499,21,782,N,24.06.20,41273,개인,고잔동
104,안산라프리모,2020,개인,,,"52,900",27,6,2024,중개거래,경기 안산시 단원구,74.8727,11,1188,N,24.10.02,41273,개인,선부동
123,호수공원(대림1),2001,개인,,,"80,000",29,6,2024,중개거래,경기 안산시 단원구,134.878,12,720,N,24.09.30,41273,개인,고잔동
109동,안산메트로타운푸르지오힐스테이트,2018,개인,,,"48,000",21,6,2024,중개거래,경기 안산시 단원구,74.4993,22,1177,N,24.10.25,41273,개인,선부동
233,수정한양,1991,개인,,,"41,000",9,6,2024,중개거래,경기 안산시 단원구,84.975,8,1086,N,24.10.04,41273,개인,선부동
109,안산중흥S클래스더퍼스트,2024,개인,,,"59,000",20,6,2024,중개거래,경기 안산시 단원구,84.8856,20,1003,N,24.08.28,41273,개인,선부동
104,초지역메이저타운푸르지오파크단지,2019,개인,,,"59,800",13,6,2024,중개거래,경기 안산시단원구,59.9333,21,802,N,24.07.24,41273,개인,초지동
108동,안산메트로타운푸르지오힐스테이트,2018,개인,,,"51,000",28,6,2024,중개거래,"경기 안산시 단원구, 경기 안산시 상록구",84.508,24,1177,N,24.09.30,41273,개인,선부동
601,네오빌6단지,2000,개인,,,"52,000",30,6,2024,중개거래,경기 안산시 단원구,84.5,11,767,N,24.10.29,41273,개인,고잔동
,일신건영휴먼빌,2005,개인,,,"27,500",28,6,2024,중개거래,경기 안산시단원구,79.705,12,1028-1,N,24.08.07,41273,개인,선부동
1210,주공그린빌12,2003,개인,,,"42,000",26,6,2024,중개거래,경기 양주시,84.99,11,730,N,24.08.14,41273,개인,초지동
,휴먼시아3단지,2009,개인,,,"40,500",20,7,2024,중개거래,경기 안산시 단원구,84.87,15,1518,N,,41273,개인,신길동
1009,군자주공10,1989,개인,,,"36,000",20,7,2024,중개거래,경기 안산시 단원구,46.98,3,1069,N,24.10.16,41273,개인,선부동
105동,이편한세상선부역어반스퀘어,2020,개인,,,"60,500",20,7,2024,중개거래,경기 안산시 단원구,74.95,23,1189,N,24.11.11,41273,개인,선부동
106,초지역메이저타운푸르지오파크단지,2019,개인,,,"68,800",28,7,2024,중개거래,경기 안산시 단원구,72.7925,12,802,N,24.11.21,41273,개인,초지동
111,e편한세상초지역센트럴포레,2021,개인,,,"55,000",13,7,2024,중개거래,경기 안산시 단원구,59.974,3,1002,N,24.11.11,41273,개인,원곡동
102,센트럴푸르지오,2018,개인,,,"82,500",27,7,2024,중개거래,경기 안산시 단원구,84.9529,5,851,N,24.10.02,41273,개인,고잔동
102동,안산메트로타운푸르지오힐스테이트,2018,개인,,,"46,800",11,7,2024,중개거래,경기 안산시 단원구,74.6673,34,1177,N,24.09.02,41273,개인,선부동
2011,서해그랑블,2004,개인,,,"37,000",23,7,2024,중개거래,경기 안산시 단원구,71.939,1,741,N,24.09.23,41273,개인,초지동
1121,군자주공11,1990,개인,,,"22,450",17,7,2024,중개거래,경기 안산시 단원구,39.27,4,1078,N,24.08.26,41273,개인,선부동
111,동명벽산블루밍,2010,개인,,,"51,000",31,7,2024,중개거래,경기 안산시 단원구,84.94,8,1082,N,24.09.30,41273,개인,선부동
101,벽산블루밍,2004,개인,,,"39,900",13,8,2024,중개거래,경기 안산시 단원구,84.99,16,828-5,N,24.11.05,41273,개인,원곡동
107,안산신길온천역휴먼빌,2005,개인,,,"36,000",28,8,2024,중개거래,경기 안산시 단원구,84.9773,24,1446,N,24.10.29,41273,개인,신길동
106,두산위브,2015,개인,,,"65,000",12,8,2024,중개거래,경기 안산시 단원구,84.98,28,796,N,24.11.29,41273,개인,초지동
1009,서해그랑블,2004,개인,,,"42,950",12,8,2024,중개거래,경기 안산시 단원구,75.126,14,741,N,24.10.16,41273,개인,초지동
1209,군자주공12,1991,개인,,,"25,700",29,8,2024,중개거래,경기 안산시 단원구,44.94,9,1078,N,24.11.19,41273,개인,선부동
106,호수마을풍림,2000,개인,,,"53,000",7,8,2024,중개거래,"경기 안산시 단원구, 경기 안산시 상록구",118.96,17,731,N,24.10.18,41273,개인,초지동
311,푸르지오3차,2003,개인,,,"88,500",27,8,2024,중개거래,"경기 안산시 단원구, 경기 안산시 상록구",134.61,9,728,N,24.11.04,41273,개인,고잔동
1301,주공그린빌13단지,2002,개인,,,"28,900",24,8,2024,중개거래,경기 안산시 단원구,51.89,3,724,N,24.09.26,41273,개인,초지동
115,호수마을풍림,2000,개인,,,"55,000",31,8,2024,중개거래,경기 안산시 단원구,108.74,12,731,N,24.11.29,41273,개인,초지동
101,초지역메이저타운푸르지오파크단지,2019,개인,,,"58,000",23,8,2024,중개거래,경기 안산시 단원구,59.9333,1,802,N,24.11.11,41273,개인,초지동
102,초지역메이저타운푸르지오에코단지,2019,개인,,,"58,000",8,9,2024,중개거래,경기 안산시 단원구,59.5958,4,1001,N,25.01.03,41273,개인,원곡동
130,호수마을풍림,2000,개인,,,"41,800",27,9,2024,중개거래,경기 안산시 단원구,74.35,12,731,N,24.12.03,41273,개인,초지동
108,고잔롯데캐슬골드파크,2018,개인,,,"51,900",21,9,2024,중개거래,경기 안산시 단원구,59.97,1,852,N,24.11.28,41273,개인,고잔동
706,주공7,1987,개인,,,"28,000",11,9,2024,중개거래,경기 안산시 단원구,54.9,7,670,N,24.11.04,41273,개인,고잔동
1508,그린빌15(해맑음마을),2002,개인,,,"34,500",30,9,2024,중개거래,경기 안산시 단원구,59.97,8,736,N,25.01.16,41273,개인,초지동
102,포레나안산고잔,2023,개인,,,"50,000",30,9,2024,직거래,,59.9893,14,631,N,24.10.31,41273,개인,고잔동
603,네오빌6단지,2000,개인,,,"56,000",25,9,2024,중개거래,경기 안산시 단원구,84.5,6,767,N,24.12.11,41273,개인,고잔동
103동,천년가리더스카이,2020,개인,,,"40,000",30,9,2024,중개거래,경기 안산시 단원구,74.9807,3,885,N,24.10.31,41273,개인,와동
105,호수마을풍림,2000,개인,,,"63,000",25,9,2024,중개거래,경기 안산시 단원구,142.78,19,731,N,24.12.03,41273,개인,초지동
117,호수마을풍림,2000,개인,,,"42,000",28,9,2024,중개거래,경기 안산시 단원구,84.96,10,731,N,24.10.31,41273,개인,초지동
,안산아이파크,2013,개인,,,"45,500",19,10,2024,중개거래,경기 안산시 단원구,84.42,3,1679,N,,41273,개인,신길동
,푸르지오3차,2003,개인,,,"70,400",15,10,2024,중개거래,"경기 안산시 단원구, 경기 안산시 상록구",84.96,4,728,N,,41273,개인,고잔동
102,벽산블루밍,2004,개인,,,"34,500",31,10,2024,중개거래,경기 안산시 단원구,59.95,5,828-5,N,24.12.20,41273,개인,원곡동
,e편한세상초지역센트럴포레,2021,개인,,,"60,000",20,10,2024,중개거래,경기 안산시 단원구,59.974,23,1002,N,,41273,개인,원곡동
201,휴먼빌2차,2007,개인,,,"47,000",18,10,2024,중개거래,경기 안산시 단원구,84.704,15,1447,N,24.11.28,41273,개인,신길동
110,안산라프리모,2020,법인,,,"78,000",31,10,2024,중개거래,경기 안산시 단원구,99.4568,7,1188,N,24.11.26,41273,개인,선부동
,천년가리더스카이,2020,개인,,,"33,800",31,10,2024,중개거래,경기 안산시 단원구,59.4462,6,885,N,,41273,개인,와동
123,공작한양(고층),1992,개인,,,"13,050",27,10,2024,중개거래,경기 안산시 단원구,28.215,10,1085,N,24.12.18,41273,개인,선부동
1509,그린빌15(해맑음마을),2002,개인,,,"31,500",29,10,2024,중개거래,경기 안산시 단원구,59.97,2,736,N,24.12.27,41273,개인,초지동
102,양지마을,2001,개인,,,"53,500",28,10,2024,중개거래,"경기 안산시 단원구, 경기 안산시 상록구",84.838,5,780,N,25.01.06,41273,개인,고잔동
,호수마을풍림,2000,개인,,,"58,500",30,11,2024,중개거래,경기 안산시 단원구,118.96,18,731,N,,41273,개인,초지동
1314,주공그린빌13단지,2002,개인,,,"26,300",28,11,2024,중개거래,경기 안산시 단원구,51.75,3,724,N,25.01.07,41273,개인,초지동
,호수마을풍림,2000,개인,,,"43,500",30,11,2024,중개거래,경기 안산시 단원구,74.35,10,731,N,,41273,개인,초지동
,푸르지오1차,2001,개인,,,"62,000",29,11,2024,중개거래,경기 안산시 단원구,84.782,13,781,N,,41273,개인,고잔동
1201,주공그린빌12,2003,개인,,,"47,500",23,11,2024,중개거래,경기 안산시 단원구,84.95,12,730,N,25.01.13,41273,개인,초지동
135,호수마을풍림,2000,개인,,,"42,300",25,11,2024,중개거래,경기 안산시 단원구,84.96,5,731,N,24.12.30,41273,개인,초지동
,고잔롯데캐슬골드파크,2018,개인,,,"55,000",19,11,2024,중개거래,경기 안산시 단원구,59.98,29,852,N,,41273,개인,고잔동
,네오빌6단지,2000,개인,,,"49,500",22,11,2024,중개거래,"경기 시흥시, 경기 안산시 단원구",75.51,10,767,N,,41273,개인,고잔동
,초지역메이저타운푸르지오파크단지,2019,개인,,,"73,500",26,11,2024,중개거래,경기 안산시 단원구,84.8438,13,802,N,,41273,개인,초지동
,e편한세상선부파크플레이스1차,2018,개인,,,"55,700",26,11,2024,중개거래,경기 안산시 단원구,84.98,6,1186,N,,41273,개인,선부동
,주공그린빌12,2003,개인,,,"44,000",10,12,2024,중개거래,경기 안산시 단원구,84.99,10,730,N,,41273,개인,초지동
,주공그린빌12,2003,개인,,,"40,000",26,12,2024,중개거래,경기 안산시 단원구,84.95,5,730,N,,41273,개인,초지동
,푸르지오4차,2003,개인,,,"50,500",31,12,2024,직거래,,84.3128,1,702,N,,41273,개인,고잔동
,서해그랑블,2004,개인,,,"40,000",31,12,2024,중개거래,경기 안산시 단원구,84.962,1,741,N,,41273,개인,초지동
,안산라프리모,2020,개인,,,"58,500",26,12,2024,중개거래,경기 안산시 단원구,84.9673,23,1188,N,,41273,개인,선부동
,대우푸르지오5,2003,개인,,,"59,800",20,12,2024,중개거래,경기 안산시 단원구,84.916,6,712,N,,41273,개인,고잔동
,호수마을풍림,2000,개인,,,"47,000",25,12,2024,중개거래,경기 안산시 단원구,84.96,9,731,N,,41273,개인,초지동
,안산아이파크,2013,개인,,,"44,400",21,12,2024,중개거래,경기 안산시 단원구,84.42,3,1679,N,,41273,개인,신길동
,주공그린빌7,2001,개인,,,"53,700",20,12,2024,중개거래,"경기 안산시 단원구, 경기 안산시 상록구",75.56,5,776,N,,41273,개인,고잔동
,푸르지오3차,2003,개인,,,"60,000",26,12,2024,중개거래,"경기 안산시 단원구, 경기 안산시 상록구",71.55,22,728,N,,41273,개인,고잔동
